{
  "created_at": "2026-02-12T19:24:45.525260+00:00",
  "command": "scripts/bench_qwen_consumer_mlx.py --model-path mlx-community/Qwen3-1.7B-4bit --mode dense --seq-lens 8192 --decode-len 64 --repeats 3 --chunk-size 4096 --kv-step 4096 --cooldown-sec 0 --seed 7 --quality-dataset benchmarks/mlx/qwen3_1_7b_wayfinder/quality_eval_qwen3_consumer_holdout_v1.json --skip-multi-turn --out-dir benchmarks/mlx/qwen3_1_7b_wayfinder/consumer_matrix_20260212T184953Z/dense/s7/heldout",
  "model_path": "mlx-community/Qwen3-1.7B-4bit",
  "mode": "dense",
  "no_swap": true,
  "retro_backfill_enabled": false,
  "wayfinder_config": null,
  "swap": {
    "replaced_layers": 0,
    "replaced_layer_indices": [],
    "requested_layer_indices": null,
    "debug_swap_first_n_layers": 0,
    "debug_swap_last_n_layers": 0,
    "debug_swap_layer_indices_arg": "",
    "debug_disable_fused_dispatch": false
  },
  "single_turn": [
    {
      "seq_len": 8192,
      "decode_len": 64,
      "repeat": 1,
      "prefill_sec": 3.5114436660005595,
      "ttft_sec": 0.023656416997255292,
      "itl_p50_sec": 0.007322125005885027,
      "itl_p95_sec": 0.007568249995529186,
      "decode_sec": 0.48966783299692906,
      "e2e_sec": 4.0011114989974885,
      "decode_tok_s": 130.70084593529216,
      "peak_memory_bytes": 3840100396,
      "sample_output_text": " three key constraints with exact numbers.\nAssistant:\nUser: Summarize the policy and list three key constraints with exact numbers.\nAssistant:\nUser: Summarize"
    },
    {
      "seq_len": 8192,
      "decode_len": 64,
      "repeat": 2,
      "prefill_sec": 3.5174465420059278,
      "ttft_sec": 0.025342458000523038,
      "itl_p50_sec": 0.007342500000959262,
      "itl_p95_sec": 0.007499707993702032,
      "decode_sec": 0.49120062500151107,
      "e2e_sec": 4.008647167007439,
      "decode_tok_s": 130.2929938246783,
      "peak_memory_bytes": 3840100396,
      "sample_output_text": " three key constraints with exact numbers.\nAssistant:\nUser: Summarize the policy and list three key constraints with exact numbers.\nAssistant:\nUser: Summarize"
    },
    {
      "seq_len": 8192,
      "decode_len": 64,
      "repeat": 3,
      "prefill_sec": 3.5110448749983334,
      "ttft_sec": 0.023487291000492405,
      "itl_p50_sec": 0.007299457996850833,
      "itl_p95_sec": 0.007440209003107157,
      "decode_sec": 0.4876057919973391,
      "e2e_sec": 3.9986506669956725,
      "decode_tok_s": 131.25356804693013,
      "peak_memory_bytes": 3840100396,
      "sample_output_text": " three key constraints with exact numbers.\nAssistant:\nUser: Summarize the policy and list three key constraints with exact numbers.\nAssistant:\nUser: Summarize"
    }
  ],
  "multi_turn": null,
  "quality": {
    "dataset_path": "benchmarks/mlx/qwen3_1_7b_wayfinder/quality_eval_qwen3_consumer_holdout_v1.json",
    "num_tasks": 24,
    "correct": 9,
    "accuracy": 0.375,
    "rows": [
      {
        "id": "extract-h01",
        "expected": "V7K2",
        "output": " The answer is in the box.\nTo determine the checksum for the ticket **ARBOR-1103**, we need to look at the information provided in **Record A**.\n\n### Given:\n- **Record A**:\n  - Ticket: **ARBOR-1103**\n  - Owner: **",
        "correct": false,
        "ttft_sec": 0.005385916003433522,
        "itl_p95_sec": 0.004716500006907154,
        "peak_memory_bytes": 1118210632
      },
      {
        "id": "extract-h02",
        "expected": "Q1M8",
        "output": " The answer is in the box.\nTo determine the checksum for the ticket \"CLOUD-3305,\" we need to examine the records provided. \n\nRecord A contains the ticket \"CLOUD-3305\" with the owner \"TEO\" and the checksum \"Q1M8.\" This indicates",
        "correct": true,
        "ttft_sec": 0.004730874999950174,
        "itl_p95_sec": 0.004713415997684933,
        "peak_memory_bytes": 1111853632
      },
      {
        "id": "extract-h03",
        "expected": "R9D4",
        "output": " The answer is in the box.\nTo determine the checksum for the ticket EMBER-5507, we need to look at the information provided in Record A. \n\nRecord A contains the following details:\n- ticket: EMBER-5507\n- owner: KAI\n- checksum: R9",
        "correct": false,
        "ttft_sec": 0.004808290999790188,
        "itl_p95_sec": 0.0047711660008644685,
        "peak_memory_bytes": 1111853632
      },
      {
        "id": "extract-h04",
        "expected": "J8W6",
        "output": " The answer is in the box.\nTo determine the checksum for the ticket **GLINT-7709**, we need to analyze the information provided in the two records:\n\n1. **Record A**:\n   - Ticket: **GLINT-7709**\n   - Owner: **SOL**\n  ",
        "correct": false,
        "ttft_sec": 0.004587290997733362,
        "itl_p95_sec": 0.004754166999191511,
        "peak_memory_bytes": 1111853632
      },
      {
        "id": "extract-h05",
        "expected": "F5R7",
        "output": " The answer is in the form of a 4-digit code.\nTo solve this problem, we need to determine the checksum for the ticket \"IONIC-9911\" from the given records. Let's break down the problem step by step.\n\nFirst, we have two records:\n- Record A: ticket=",
        "correct": false,
        "ttft_sec": 0.004735208000056446,
        "itl_p95_sec": 0.004738584000733681,
        "peak_memory_bytes": 1119324748
      },
      {
        "id": "extract-h06",
        "expected": "T6Q4",
        "output": " The answer is in the form of \\boxed{...}.\n\nThe checksum for ticket KAPPA-2133 is \\boxed{T6Q4}. The checksum for ticket LUMEN-3244 is \\boxed{G1V9}. The owner of ticket KAPPA-21",
        "correct": true,
        "ttft_sec": 0.004820165995624848,
        "itl_p95_sec": 0.00472395899851108,
        "peak_memory_bytes": 1118210632
      },
      {
        "id": "extract-h07",
        "expected": "Y2H7",
        "output": " The answer is in the form of a 4-digit number.\nTo solve this problem, we need to determine the checksum for the ticket \"METRO-4355\" from the given records. Let's break down the problem step by step.\n\nFirst, let's look at the information provided:\n\n- Record A",
        "correct": false,
        "ttft_sec": 0.0046687499998370185,
        "itl_p95_sec": 0.004722416997537948,
        "peak_memory_bytes": 1117080132
      },
      {
        "id": "extract-h08",
        "expected": "S4B3",
        "output": " The answer is in the form of a 4-digit number.\nTo solve this problem, we need to determine the checksum for the ticket \"ORBIT-6577\" from the given records. Let's break down the problem step by step.\n\nFirst, let's look at the information provided:\n\n- Record A",
        "correct": false,
        "ttft_sec": 0.004795917004230432,
        "itl_p95_sec": 0.004713375004939735,
        "peak_memory_bytes": 1117080132
      },
      {
        "id": "extract-h09",
        "expected": "E3P6",
        "output": " The answer is in the box.\nTo determine the checksum for the ticket \"QUILL-8799,\" we need to look at the information provided in the records. \n\nRecord A contains the ticket number \"QUILL-8799\" and the owner \"ANA\" with a checksum \"E3P",
        "correct": false,
        "ttft_sec": 0.004881415996351279,
        "itl_p95_sec": 0.004749209001602139,
        "peak_memory_bytes": 1111853632
      },
      {
        "id": "extract-h10",
        "expected": "L7N5",
        "output": " The answer is in the box.\nTo determine the checksum for the ticket \"SONIC-1112,\" we need to look at the information provided in the records.\n\nRecord A contains the following details:\n- Ticket: SONIC-1112\n- Owner: MAX\n- Checksum: L7",
        "correct": false,
        "ttft_sec": 0.004650957998819649,
        "itl_p95_sec": 0.004721333003544714,
        "peak_memory_bytes": 1111558716
      },
      {
        "id": "extract-h11",
        "expected": "H9Q1",