{
  "created_at": "2026-02-07T16:48:54.283392+00:00",
  "command": "scripts/bench_mlx_wayfinder_scale.py --seq-lens 256 512 1024 2048 4096 --batch 2 --heads 4 --embd 128 --window 32 --landmark-stride 32 --warmup 2 --iters 6 --out-dir benchmarks/mlx/tiny_wayfinder/20260207_tiny_batched_gate",
  "config": {
    "seq_lens": [
      256,
      512,
      1024,
      2048,
      4096
    ],
    "batch": 2,
    "heads": 4,
    "embd": 128,
    "window": 32,
    "landmark_stride": 32,
    "num_cycles": 1,
    "strategy": "random",
    "warmup": 2,
    "iters": 6,
    "graph_spec": null
  },
  "attention": [
    {
      "mode": "dense",
      "batch": 2,
      "heads": 4,
      "seq_len": 256,
      "embd": 128,
      "tokens_per_sec": 1300456.1754879483,
      "tokens_per_sec_mean": 1253887.5991953984,
      "tokens_per_sec_std": 124911.98133009726,
      "total_ms": 0.39370800004689954,
      "attention_ms": 0.39370800004689954,
      "permute_ms": 0.0,
      "graph_build_ms_first": 0.0,
      "graph_build_ms_cached": 0.0,
      "cache_hit_rate": 0.0,
      "peak_memory_bytes": 10700836,
      "persistent_cache_bytes": 0,
      "step_intermediate_bytes": 10700836,
      "largest_intermediate_bytes_proxy": 2097152,
      "memory_proxy": {
        "scores_fp32": 2097152,
        "weights_fp32": 2097152,
        "largest": 2097152
      }
    },
    {
      "mode": "wayfinder_sparse",
      "batch": 2,
      "heads": 4,
      "seq_len": 256,
      "embd": 128,
      "tokens_per_sec": 432561.7626106936,
      "tokens_per_sec_mean": 404205.74802086526,
      "tokens_per_sec_std": 70552.14318214773,
      "total_ms": 1.1836459998448845,
      "attention_ms": 0.06393799558281898,
      "permute_ms": 0.0,
      "graph_build_ms_first": 18.874375000596046,
      "graph_build_ms_cached": 0.0014370083808898926,
      "cache_hit_rate": 1.0,
      "peak_memory_bytes": 28305732,
      "persistent_cache_bytes": 845824,
      "step_intermediate_bytes": 27459908,
      "largest_intermediate_bytes_proxy": 5505024,
      "memory_proxy": {
        "kv_gather": 5505024,
        "scores_fp32": 344064,
        "weights_fp32": 344064,
        "largest": 5505024
      }
    },
    {
      "mode": "wayfinder_permute",
      "batch": 2,
      "heads": 4,
      "seq_len": 256,
      "embd": 128,
      "tokens_per_sec": 793516.7160336843,
      "tokens_per_sec_mean": 773970.2962111362,
      "tokens_per_sec_std": 69358.91173829437,
      "total_ms": 0.6452290035667829,
      "attention_ms": 0.4998124986886978,
      "permute_ms": 0.4996034987270832,
      "graph_build_ms_first": 15.760583005845547,
      "graph_build_ms_cached": 0.001041501760482788,
      "cache_hit_rate": 1.0,
      "peak_memory_bytes": 16074880,
      "persistent_cache_bytes": 845824,
      "step_intermediate_bytes": 15229056,
      "largest_intermediate_bytes_proxy": 5505024,
      "memory_proxy": {
        "kv_gather": 5505024,
        "scores_fp32": 344064,
        "weights_fp32": 344064,
        "largest": 5505024
      }
    },
    {
      "mode": "dense",
      "batch": 2,
      "heads": 4,
      "seq_len": 512,
      "embd": 128,
      "tokens_per_sec": 2121270.824502945,
      "tokens_per_sec_mean": 2071008.4391490747,
      "tokens_per_sec_std": 156193.3551259871,
      "total_ms": 0.48272949788952246,
      "attention_ms": 0.48272949788952246,
      "permute_ms": 0.0,
      "graph_build_ms_first": 0.0,
      "graph_build_ms_cached": 0.0,
      "cache_hit_rate": 0.0,
      "peak_memory_bytes": 39161908,
      "persistent_cache_bytes": 0,
      "step_intermediate_bytes": 39161908,
      "largest_intermediate_bytes_proxy": 8388608,
      "memory_proxy": {
        "scores_fp32": 8388608,
        "weights_fp32": 8388608,
        "largest": 8388608
      }
    },
    {
      "mode": "wayfinder_sparse",
      "batch": 2,
      "heads": 4,
      "seq_len": 512,
      "embd": 128,
      "tokens_per_sec": 736613.2762567784,
      "tokens_per_sec_mean": 706002.5893116054,
      "tokens_per_sec_std": 74271.90663524486,
      "total_ms": 1.3901460006309208,
      "attention_ms": 0.06699999421834946,
      "permute_ms": 0.0,
      "graph_build_ms_first": 32.31575000286102,
      "graph_build_ms_cached": 0.0013960003852844238,
      "cache_hit_rate": 1.0,
      "peak_memory_bytes": 65143108,
      "persistent_cache_bytes": 1855488,
      "step_intermediate_bytes": 63287620,
      "largest_intermediate_bytes_proxy": 13107200,
      "memory_proxy": {
        "kv_gather": 13107200,
        "scores_fp32": 819200,
        "weights_fp32": 819200,
        "largest": 13107200
      }
    },
    {
      "mode": "wayfinder_permute",
      "batch": 2,
      "heads": 4,
      "seq_len": 512,
      "embd": 128,
      "tokens_per_sec": 1045876.5999448159,
      "tokens_per_sec_mean": 989981.9555059369,
      "tokens_per_sec_std": 102457.32444752926,
      "total_ms": 0.9790830008569174,
      "attention_ms": 0.813083503395319,
      "permute_ms": 0.8128955066204071,
      "graph_build_ms_first": 30.670791998505592,
      "graph_build_ms_cached": 0.001187499612569809,
      "cache_hit_rate": 1.0,
      "peak_memory_bytes": 20766852,
      "persistent_cache_bytes": 1855488,
      "step_intermediate_bytes": 18911364,
      "largest_intermediate_bytes_proxy": 13107200,
      "memory_proxy": {
        "kv_gather": 13107200,
        "scores_fp32": 819200,
        "weights_fp32": 819200,
        "largest": 13107200
      }
    },
    {
      "mode": "dense",
      "batch": 2,
      "heads": 4,
      "seq_len": 1024,
      "embd": 128,
      "tokens_per_sec": 1180020.546175499,
      "tokens_per_sec_mean": 1150518.570781138,
      "tokens_per_sec_std": 82330.32296941832,
      "total_ms": 1.7355630006932188,
      "attention_ms": 1.7355630006932188,
      "permute_ms": 0.0,
      "graph_build_ms_first": 0.0,
      "graph_build_ms_cached": 0.0,
      "cache_hit_rate": 0.0,
      "peak_memory_bytes": 145536048,
      "persistent_cache_bytes": 0,
      "step_intermediate_bytes": 145536048,
      "largest_intermediate_bytes_proxy": 33554432,
      "memory_proxy": {
        "scores_fp32": 33554432,
        "weights_fp32": 33554432,
        "largest": 33554432
      }
    },
    {
      "mode": "wayfinder_sparse",
      "batch": 2,
      "heads": 4,
      "seq_len": 1024,
      "embd": 128,
      "tokens_per_sec": 575179.9189104774,
      "tokens_per_sec_mean": 578445.7715970173,
      "tokens_per_sec_std": 32982.60447840832,
      "total_ms": 3.5606250021373853,
      "attention_ms": 0.07997899502515793,
      "permute_ms": 0.0,
      "graph_build_ms_first": 80.41933399438858,
      "graph_build_ms_cached": 0.003854498267173767,
      "cache_hit_rate": 1.0,
      "peak_memory_bytes": 166783300,
      "persistent_cache_bytes": 4366336,
      "step_intermediate_bytes": 162416964,
      "largest_intermediate_bytes_proxy": 34603008,
      "memory_proxy": {
        "kv_gather": 34603008,
        "scores_fp32": 2162688,
        "weights_fp32": 2162688,
        "largest": 34603008
      }
    },
    {
      "mode": "wayfinder_permute",
      "batch": 2,
      "heads": 4,
      "seq_len": 1024,
      "embd": 128,
      "tokens_per_sec": 1168504.9140836573,
      "tokens_per_sec_mean": 1164754.896467332,
      "tokens_per_sec_std": 66407.39640532005,
      "total_ms": 1.7526669980725273,
      "attention_ms": 1.5881874933838844,
      "permute_ms": 1.5879169963300228,
      "graph_build_ms_first": 68.44666699320078,
      "graph_build_ms_cached": 0.0012919977307319641,
      "cache_hit_rate": 1.0,
      "peak_memory_bytes": 28265604,
      "persistent_cache_bytes": 4366336,
      "step_intermediate_bytes": 23899268,
      "largest_intermediate_bytes_proxy": 34603008,
      "memory_proxy": {
        "kv_gather": 34603008,
        "scores_fp32": 2162688,
        "weights_fp32": 2162688,
        "largest": 34603008
      }
    },
    {
      "mode": "dense",
      "batch": 2,
      "heads": 4,
      "seq_len": 2048,
      "embd": 128,