{
  "created_at": "2026-02-12T13:13:27.826286+00:00",
  "command": "scripts/bench_glm_consumer_mlx.py --model-path mlx-community/GLM-4.7-Flash-4bit --seq-lens 8192 --decode-len 64 --repeats 3 --chunk-size 4096 --kv-step 4096 --cooldown-sec 0 --path permute --window 64 --landmark-stride 0 --head-chunk-size 2 --query-chunk-size 192 --skip-multi-turn --skip-quality --seed 42 --no-swap --out-dir benchmarks/mlx/post_reboot_20260211_20260211T202821Z/decode_gate_retry4_20260212T131324Z/s42_dense",
  "model_path": "mlx-community/GLM-4.7-Flash-4bit",
  "no_swap": true,
  "retro_backfill_enabled": false,
  "wayfinder_config": null,
  "swap": {
    "replaced_layers": 0,
    "replaced_layer_indices": [],
    "requested_layer_indices": null,
    "swap_first_n_layers": 0,
    "swap_last_n_layers": 0,
    "swap_layer_indices_arg": "",
    "disable_discovered_active_row_kernel": false,
    "disable_fused_dispatch": false
  },
  "single_turn": [
    {
      "seq_len": 8192,
      "decode_len": 64,
      "repeat": 1,
      "prefill_sec": 17.668686124998203,
      "ttft_sec": 0.22647850000066683,
      "itl_p50_sec": 0.019741208998311777,
      "itl_p95_sec": 0.020509250003669877,
      "decode_sec": 1.492396125002415,
      "e2e_sec": 19.161082250000618,
      "decode_tok_s": 42.88405667087647,
      "peak_memory_bytes": 20660500140,
      "sample_output_text": "  } } } } } } } } } } } } } } } } } } } } } } } } } } } } } } }"
    },
    {
      "seq_len": 8192,
      "decode_len": 64,
      "repeat": 2,
      "prefill_sec": 16.112305624999863,
      "ttft_sec": 0.18413595799938776,
      "itl_p50_sec": 0.019623332998889964,
      "itl_p95_sec": 0.019960625002568122,
      "decode_sec": 1.432810749996861,
      "e2e_sec": 17.545116374996724,
      "decode_tok_s": 44.66744823078708,
      "peak_memory_bytes": 20660500140,
      "sample_output_text": "  } } } } } } } } } } } } } } } } } } } } } } } } } } } } } } }"
    },
    {
      "seq_len": 8192,
      "decode_len": 64,
      "repeat": 3,
      "prefill_sec": 16.100909374996263,
      "ttft_sec": 0.18554937499720836,
      "itl_p50_sec": 0.019604000000981614,
      "itl_p95_sec": 0.019915999997465406,
      "decode_sec": 1.431986790994415,
      "e2e_sec": 17.532896165990678,
      "decode_tok_s": 44.69314968719541,
      "peak_memory_bytes": 20660500140,
      "sample_output_text": "  } } } } } } } } } } } } } } } } } } } } } } } } } } } } } } }"
    }
  ],
  "multi_turn": null,
  "quality": null
}