{
  "dense": {
    "run": "dense",
    "attn": "dense",
    "steps": 1000,
    "final_train_loss": 0.5775451064109802,
    "final_train_ppl": 1.7816592738380461,
    "avg_tokens_per_sec": 361850.0416745279,
    "last_tokens_per_sec": 407866.5670876695,
    "final_val_loss": 4.251404285430908,
    "final_val_ppl": 70.20392951279486,
    "best_val_ppl": 16.25326979555168
  },
  "wayfinder": {
    "run": "wayfinder",
    "attn": "wayfinder_sparse",
    "steps": 1000,
    "final_train_loss": 2.0669431686401367,
    "final_train_ppl": 7.900635257960511,
    "avg_tokens_per_sec": 251854.16231784254,
    "last_tokens_per_sec": 258390.10849632276,
    "final_val_loss": 3.1317957043647766,
    "final_val_ppl": 22.915091348622614,
    "best_val_ppl": 16.885021937678026,
    "cache_hit_rate": 0.999,
    "avg_graph_build_ms": 0.01155046700197272,
    "cache_persistent_bytes": 45056
  },
  "throughput_ratio_wayfinder_over_dense": 0.6960180553036304,
  "val_ppl_gap_wayfinder_minus_dense": -47.28883816417225
}