{
  "created_at": "2026-02-07T16:26:12.403633+00:00",
  "command": "scripts/bench_mlx_wayfinder_scale.py --seq-lens 1024 2048 4096 --batch 1 --heads 8 --embd 512 --window 64 --landmark-stride 64 --warmup 1 --iters 1 --out-dir benchmarks/mlx/tiny_wayfinder/20260207_tiny_scale_refresh",
  "config": {
    "seq_lens": [
      1024,
      2048,
      4096
    ],
    "batch": 1,
    "heads": 8,
    "embd": 512,
    "window": 64,
    "landmark_stride": 64,
    "num_cycles": 1,
    "strategy": "random",
    "warmup": 1,
    "iters": 1,
    "graph_spec": null
  },
  "attention": [
    {
      "mode": "dense",
      "batch": 1,
      "heads": 8,
      "seq_len": 1024,
      "embd": 512,
      "tokens_per_sec": 391849.23006148654,
      "tokens_per_sec_mean": 391849.23006148654,
      "tokens_per_sec_std": 0.0,
      "total_ms": 2.6132499988307245,
      "attention_ms": 2.6132499988307245,
      "permute_ms": 0.0,
      "graph_build_ms_first": 0.0,
      "graph_build_ms_cached": 0.0,
      "cache_hit_rate": 0.0,
      "peak_memory_bytes": 155263008,
      "persistent_cache_bytes": 0,
      "step_intermediate_bytes": 155263008,
      "largest_intermediate_bytes_proxy": 33554432,
      "memory_proxy": {
        "scores_fp32": 33554432,
        "weights_fp32": 33554432,
        "largest": 33554432
      }
    },
    {
      "mode": "wayfinder_sparse",
      "batch": 1,
      "heads": 8,
      "seq_len": 1024,
      "embd": 512,
      "tokens_per_sec": 151040.80239333864,
      "tokens_per_sec_mean": 151040.80239333864,
      "tokens_per_sec_std": 0.0,
      "total_ms": 6.779625000490341,
      "attention_ms": 0.14695799350738525,
      "permute_ms": 0.0,
      "graph_build_ms_first": 179.17891700193286,
      "graph_build_ms_cached": 0.0069160014390945435,
      "cache_hit_rate": 1.0,
      "peak_memory_bytes": 404783492,
      "persistent_cache_bytes": 13123584,
      "step_intermediate_bytes": 391659908,
      "largest_intermediate_bytes_proxy": 85983232,
      "memory_proxy": {
        "kv_gather": 85983232,
        "scores_fp32": 2686976,
        "weights_fp32": 2686976,
        "largest": 85983232
      }
    },
    {
      "mode": "wayfinder_permute",
      "batch": 1,
      "heads": 8,
      "seq_len": 1024,
      "embd": 512,
      "tokens_per_sec": 99904.46633884951,
      "tokens_per_sec_mean": 99904.46633884951,
      "tokens_per_sec_std": 0.0,
      "total_ms": 10.249792001559399,
      "attention_ms": 0.1780420057475567,
      "permute_ms": 0.0,
      "graph_build_ms_first": 168.62291600555182,
      "graph_build_ms_cached": 0.0035420022904872894,
      "cache_hit_rate": 1.0,
      "peak_memory_bytes": 645546556,
      "persistent_cache_bytes": 13123584,
      "step_intermediate_bytes": 632422972,
      "largest_intermediate_bytes_proxy": 85983232,
      "memory_proxy": {
        "kv_gather": 85983232,
        "scores_fp32": 2686976,
        "weights_fp32": 2686976,
        "largest": 85983232
      }
    },
    {
      "mode": "dense",
      "batch": 1,
      "heads": 8,
      "seq_len": 2048,
      "embd": 512,
      "tokens_per_sec": 265170.4904712932,
      "tokens_per_sec_mean": 265170.4904712932,
      "tokens_per_sec_std": 0.0,
      "total_ms": 7.7233330011949874,
      "attention_ms": 7.7233330011949874,
      "permute_ms": 0.0,
      "graph_build_ms_first": 0.0,
      "graph_build_ms_cached": 0.0,
      "cache_hit_rate": 0.0,
      "peak_memory_bytes": 630734892,
      "persistent_cache_bytes": 0,
      "step_intermediate_bytes": 630734892,
      "largest_intermediate_bytes_proxy": 134217728,
      "memory_proxy": {
        "scores_fp32": 134217728,
        "weights_fp32": 134217728,
        "largest": 134217728
      }
    },
    {
      "mode": "wayfinder_sparse",
      "batch": 1,
      "heads": 8,
      "seq_len": 2048,
      "embd": 512,
      "tokens_per_sec": 136090.27782049432,
      "tokens_per_sec_mean": 136090.27782049432,
      "tokens_per_sec_std": 0.0,
      "total_ms": 15.048834000481293,
      "attention_ms": 0.13749999925494194,
      "permute_ms": 0.0,
      "graph_build_ms_first": 364.0658330023289,
      "graph_build_ms_cached": 0.0032079964876174927,
      "cache_hit_rate": 1.0,
      "peak_memory_bytes": 978108804,
      "persistent_cache_bytes": 28868608,
      "step_intermediate_bytes": 949240196,
      "largest_intermediate_bytes_proxy": 205520896,
      "memory_proxy": {
        "kv_gather": 205520896,
        "scores_fp32": 6422528,
        "weights_fp32": 6422528,
        "largest": 205520896
      }
    },
    {
      "mode": "wayfinder_permute",
      "batch": 1,
      "heads": 8,
      "seq_len": 2048,
      "embd": 512,
      "tokens_per_sec": 103441.30742309404,
      "tokens_per_sec_mean": 103441.30742309404,
      "tokens_per_sec_std": 0.0,
      "total_ms": 19.79866700276034,
      "attention_ms": 0.18724999949336052,
      "permute_ms": 0.0,
      "graph_build_ms_first": 366.1597499959171,
      "graph_build_ms_cached": 0.0040830038487911224,
      "cache_hit_rate": 1.0,
      "peak_memory_bytes": 1287520876,
      "persistent_cache_bytes": 28868608,
      "step_intermediate_bytes": 1258652268,
      "largest_intermediate_bytes_proxy": 205520896,
      "memory_proxy": {
        "kv_gather": 205520896,
        "scores_fp32": 6422528,
        "weights_fp32": 6422528,
        "largest": 205520896
      }
    },
    {
      "mode": "dense",
      "batch": 1,
      "heads": 8,
      "seq_len": 4096,
      "embd": 512,
      "tokens_per_sec": 138294.08437484896,
      "tokens_per_sec_mean": 138294.08437484896,
      "tokens_per_sec_std": 0.0,
      "total_ms": 29.61804200458573,
      "attention_ms": 29.61804200458573,
      "permute_ms": 0.0,
      "graph_build_ms_first": 0.0,
      "graph_build_ms_cached": 0.0,
      "cache_hit_rate": 0.0,
      "peak_memory_bytes": 2322006060,
      "persistent_cache_bytes": 0,
      "step_intermediate_bytes": 2322006060,
      "largest_intermediate_bytes_proxy": 536870912,
      "memory_proxy": {
        "scores_fp32": 536870912,
        "weights_fp32": 536870912,
        "largest": 536870912
      }
    },
    {
      "mode": "wayfinder_sparse",
      "batch": 1,
      "heads": 8,
      "seq_len": 4096,
      "embd": 512,
      "tokens_per_sec": 105749.8485259505,
      "tokens_per_sec_mean": 105749.8485259505,
      "tokens_per_sec_std": 0.0,
      "total_ms": 38.732916000299156,
      "attention_ms": 0.15400000289082527,
      "permute_ms": 0.0,
      "graph_build_ms_first": 867.1574170030653,
      "graph_build_ms_cached": 0.003750000149011612,
      "cache_hit_rate": 1.0,
      "peak_memory_bytes": 2191032548,
      "persistent_cache_bytes": 68222976,
      "step_intermediate_bytes": 2122809572,
      "largest_intermediate_bytes_proxy": 545259520,
      "memory_proxy": {
        "kv_gather": 545259520,
        "scores_fp32": 17039360,
        "weights_fp32": 17039360,
        "largest": 545259520
      }
    },
    {
      "mode": "wayfinder_permute",
      "batch": 1,
      "heads": 8,
      "seq_len": 4096,
      "embd": 512,
      "tokens_per_sec": 105264.62410341286,
      "tokens_per_sec_mean": 105264.62410341286,
      "tokens_per_sec_std": 0.0,
      "total_ms": 38.911458002985455,
      "attention_ms": 0.19029099866747856,
      "permute_ms": 0.0,
      "graph_build_ms_first": 854.5832080058753,
      "graph_build_ms_cached": 0.0037910006940364838,
      "cache_hit_rate": 1.0,
      "peak_memory_bytes": 2184708372,
      "persistent_cache_bytes": 68222976,
      "step_intermediate_bytes": 2116485396,
      "largest_intermediate_bytes_proxy": 545259520,
      "memory_proxy": {
        "kv_gather": 545259520,
        "scores_fp32": 17039360,
        "weights_fp32": 17039360,
        "largest": 545259520
      }
    }
  ],
  "block": [
    {
      "mode": "dense",
      "seq_len": 1024,
      "block_tokens_per_sec": 256430.0653520113,
      "block_latency_ms": 3.993291498773033,
      "block_peak_memory_bytes": 183595052,
      "block_persistent_cache_bytes": 0,