{
  "created_at": "2026-02-12T13:37:21.438066+00:00",
  "command": "scripts/bench_glm_consumer_mlx.py --model-path mlx-community/GLM-4.7-Flash-4bit --seq-lens 8192 --decode-len 64 --repeats 3 --chunk-size 4096 --kv-step 4096 --cooldown-sec 0 --path permute --window 64 --landmark-stride 0 --head-chunk-size 2 --query-chunk-size 192 --skip-multi-turn --skip-quality --seed 7 --no-swap --out-dir benchmarks/mlx/post_reboot_20260211_20260211T202821Z/decode_gate_idx16_20260212T133430Z/s7_dense",
  "model_path": "mlx-community/GLM-4.7-Flash-4bit",
  "no_swap": true,
  "retro_backfill_enabled": false,
  "wayfinder_config": null,
  "swap": {
    "replaced_layers": 0,
    "replaced_layer_indices": [],
    "requested_layer_indices": null,
    "swap_first_n_layers": 0,
    "swap_last_n_layers": 0,
    "swap_layer_indices_arg": "",
    "disable_discovered_active_row_kernel": false,
    "disable_fused_dispatch": false
  },
  "single_turn": [
    {
      "seq_len": 8192,
      "decode_len": 64,
      "repeat": 1,
      "prefill_sec": 16.163974584000243,
      "ttft_sec": 0.1643615829962073,
      "itl_p50_sec": 0.019549583004845772,
      "itl_p95_sec": 0.019870625001203734,
      "decode_sec": 1.4091748329956317,
      "e2e_sec": 17.573149416995875,
      "decode_tok_s": 45.41664987299585,
      "peak_memory_bytes": 20660500140,
      "sample_output_text": "  } } } } } } } } } } } } } } } } } } } } } } } } } } } } } } }"
    },
    {
      "seq_len": 8192,
      "decode_len": 64,
      "repeat": 2,
      "prefill_sec": 16.10600420799892,
      "ttft_sec": 0.13507895799557446,
      "itl_p50_sec": 0.019561833003535867,
      "itl_p95_sec": 0.020350874998257495,
      "decode_sec": 1.3828967919980641,
      "e2e_sec": 17.488900999996986,
      "decode_tok_s": 46.27966480964227,
      "peak_memory_bytes": 20660500140,
      "sample_output_text": "  } } } } } } } } } } } } } } } } } } } } } } } } } } } } } } }"
    },
    {
      "seq_len": 8192,
      "decode_len": 64,
      "repeat": 3,
      "prefill_sec": 16.3518755000041,
      "ttft_sec": 0.15812183300295146,
      "itl_p50_sec": 0.01958004200423602,
      "itl_p95_sec": 0.019811375001154374,
      "decode_sec": 1.4038142089993926,
      "e2e_sec": 17.75568970900349,
      "decode_tok_s": 45.59007850876347,
      "peak_memory_bytes": 20660500140,
      "sample_output_text": "  } } } } } } } } } } } } } } } } } } } } } } } } } } } } } } }"
    }
  ],
  "multi_turn": null,
  "quality": null
}