{
  "created_at": "2026-02-12T13:50:47.144800+00:00",
  "command": "scripts/bench_glm_consumer_mlx.py --model-path mlx-community/GLM-4.7-Flash-4bit --seq-lens 8192 --decode-len 64 --repeats 3 --chunk-size 4096 --kv-step 4096 --cooldown-sec 0 --path permute --window 64 --landmark-stride 0 --head-chunk-size 2 --query-chunk-size 192 --skip-multi-turn --skip-quality --active-dense-threshold 16384 --seed 42 --no-swap --out-dir benchmarks/mlx/post_reboot_20260211_20260211T202821Z/decode_gate_midband4_20260212T135043Z/s42_dense",
  "model_path": "mlx-community/GLM-4.7-Flash-4bit",
  "no_swap": true,
  "retro_backfill_enabled": false,
  "wayfinder_config": null,
  "swap": {
    "replaced_layers": 0,
    "replaced_layer_indices": [],
    "requested_layer_indices": null,
    "swap_first_n_layers": 0,
    "swap_last_n_layers": 0,
    "swap_layer_indices_arg": "",
    "disable_discovered_active_row_kernel": false,
    "disable_fused_dispatch": false
  },
  "single_turn": [
    {
      "seq_len": 8192,
      "decode_len": 64,
      "repeat": 1,
      "prefill_sec": 16.778507041999546,
      "ttft_sec": 0.19470562499918742,
      "itl_p50_sec": 0.01937829199596308,
      "itl_p95_sec": 0.02000433299690485,
      "decode_sec": 1.432923957996536,
      "e2e_sec": 18.211430999996082,
      "decode_tok_s": 44.66391928395318,
      "peak_memory_bytes": 20660500140,
      "sample_output_text": "  } } } } } } } } } } } } } } } } } } } } } } } } } } } } } } }"
    },
    {
      "seq_len": 8192,
      "decode_len": 64,
      "repeat": 2,
      "prefill_sec": 16.176521209003113,
      "ttft_sec": 0.1551980000003823,
      "itl_p50_sec": 0.019400290999328718,
      "itl_p95_sec": 0.019674124996527098,
      "decode_sec": 1.3898082919986336,
      "e2e_sec": 17.566329501001746,
      "decode_tok_s": 46.049516590496005,
      "peak_memory_bytes": 20660500140,
      "sample_output_text": "  } } } } } } } } } } } } } } } } } } } } } } } } } } } } } } }"
    },
    {
      "seq_len": 8192,
      "decode_len": 64,
      "repeat": 3,
      "prefill_sec": 16.185735916995327,
      "ttft_sec": 0.19393645899981493,
      "itl_p50_sec": 0.01932716699957382,
      "itl_p95_sec": 0.019601958003477193,
      "decode_sec": 1.4249448340051458,
      "e2e_sec": 17.610680751000473,
      "decode_tok_s": 44.914019457239476,
      "peak_memory_bytes": 20660500140,
      "sample_output_text": "  } } } } } } } } } } } } } } } } } } } } } } } } } } } } } } }"
    }
  ],
  "multi_turn": null,
  "quality": null
}