{
  "dense": {
    "run": "dense",
    "attn": "dense",
    "steps": 1000,
    "final_train_loss": 0.10938020050525665,
    "final_train_ppl": 1.115586416240417,
    "avg_tokens_per_sec": 360324.79369476985,
    "last_tokens_per_sec": 370986.3999235846,
    "final_val_loss": 7.002241492271423,
    "final_val_ppl": 1099.0940101373703,
    "best_val_ppl": 20.182981476579243
  },
  "wayfinder": {
    "run": "wayfinder",
    "attn": "wayfinder_sparse",
    "steps": 1000,
    "final_train_loss": 0.5084633827209473,
    "final_train_ppl": 1.6627342447511246,
    "avg_tokens_per_sec": 134314.04939746077,
    "last_tokens_per_sec": 122434.34876637127,
    "final_val_loss": 5.800767600536346,
    "final_val_ppl": 330.55319536189114,
    "best_val_ppl": 22.654557143995987,
    "cache_hit_rate": 0.999,
    "avg_graph_build_ms": 0.015877324002794922,
    "cache_persistent_bytes": 398336
  },
  "throughput_ratio_wayfinder_over_dense": 0.37275827738692285,
  "val_ppl_gap_wayfinder_minus_dense": -768.5408147754792
}