{
  "created_at": "2026-02-07T16:30:47.687894+00:00",
  "command": "scripts/bench_mlx_wayfinder_scale.py --seq-lens 256 512 1024 2048 4096 --batch 2 --heads 4 --embd 128 --window 32 --landmark-stride 32 --warmup 2 --iters 4 --out-dir benchmarks/mlx/tiny_wayfinder/20260207_tiny_readme_repro",
  "config": {
    "seq_lens": [
      256,
      512,
      1024,
      2048,
      4096
    ],
    "batch": 2,
    "heads": 4,
    "embd": 128,
    "window": 32,
    "landmark_stride": 32,
    "num_cycles": 1,
    "strategy": "random",
    "warmup": 2,
    "iters": 4,
    "graph_spec": null
  },
  "attention": [
    {
      "mode": "dense",
      "batch": 2,
      "heads": 4,
      "seq_len": 256,
      "embd": 128,
      "tokens_per_sec": 714834.2053841264,
      "tokens_per_sec_mean": 847606.6442810153,
      "tokens_per_sec_std": 232970.54378485968,
      "total_ms": 0.7162500005506445,
      "attention_ms": 0.7162500005506445,
      "permute_ms": 0.0,
      "graph_build_ms_first": 0.0,
      "graph_build_ms_cached": 0.0,
      "cache_hit_rate": 0.0,
      "peak_memory_bytes": 10700836,
      "persistent_cache_bytes": 0,
      "step_intermediate_bytes": 10700836,
      "largest_intermediate_bytes_proxy": 2097152,
      "memory_proxy": {
        "scores_fp32": 2097152,
        "weights_fp32": 2097152,
        "largest": 2097152
      }
    },
    {
      "mode": "wayfinder_sparse",
      "batch": 2,
      "heads": 4,
      "seq_len": 256,
      "embd": 128,
      "tokens_per_sec": 445588.5873111703,
      "tokens_per_sec_mean": 447189.5091837467,
      "tokens_per_sec_std": 10311.491877133092,
      "total_ms": 1.1490419965412002,
      "attention_ms": 0.07175000384449959,
      "permute_ms": 0.0,
      "graph_build_ms_first": 42.43824999779463,
      "graph_build_ms_cached": 0.0016044974327087402,
      "cache_hit_rate": 1.0,
      "peak_memory_bytes": 28297540,
      "persistent_cache_bytes": 837632,
      "step_intermediate_bytes": 27459908,
      "largest_intermediate_bytes_proxy": 5505024,
      "memory_proxy": {
        "kv_gather": 5505024,
        "scores_fp32": 344064,
        "weights_fp32": 344064,
        "largest": 5505024
      }
    },
    {
      "mode": "wayfinder_permute",
      "batch": 2,
      "heads": 4,
      "seq_len": 256,
      "embd": 128,
      "tokens_per_sec": 304565.4780770423,
      "tokens_per_sec_mean": 305486.24754863285,
      "tokens_per_sec_std": 6891.9994867707865,
      "total_ms": 1.681083500443492,
      "attention_ms": 0.09010399878025055,
      "permute_ms": 0.0,
      "graph_build_ms_first": 14.91050000116229,
      "graph_build_ms_cached": 0.0014790017157793045,
      "cache_hit_rate": 1.0,
      "peak_memory_bytes": 44647012,
      "persistent_cache_bytes": 837632,
      "step_intermediate_bytes": 43809380,
      "largest_intermediate_bytes_proxy": 5505024,
      "memory_proxy": {
        "kv_gather": 5505024,
        "scores_fp32": 344064,
        "weights_fp32": 344064,
        "largest": 5505024
      }
    },
    {
      "mode": "dense",
      "batch": 2,
      "heads": 4,
      "seq_len": 512,
      "embd": 128,
      "tokens_per_sec": 1660091.422553917,
      "tokens_per_sec_mean": 1641659.9439620466,
      "tokens_per_sec_std": 61961.961211041315,
      "total_ms": 0.6168334984977264,
      "attention_ms": 0.6168334984977264,
      "permute_ms": 0.0,
      "graph_build_ms_first": 0.0,
      "graph_build_ms_cached": 0.0,
      "cache_hit_rate": 0.0,
      "peak_memory_bytes": 42504240,
      "persistent_cache_bytes": 0,
      "step_intermediate_bytes": 42504240,
      "largest_intermediate_bytes_proxy": 8388608,
      "memory_proxy": {
        "scores_fp32": 8388608,
        "weights_fp32": 8388608,
        "largest": 8388608
      }
    },
    {
      "mode": "wayfinder_sparse",
      "batch": 2,
      "heads": 4,
      "seq_len": 512,
      "embd": 128,
      "tokens_per_sec": 487807.8988309539,
      "tokens_per_sec_mean": 487672.95605211117,
      "tokens_per_sec_std": 1965.8808097448004,
      "total_ms": 2.0991870005673263,
      "attention_ms": 0.07420800067484379,
      "permute_ms": 0.0,
      "graph_build_ms_first": 31.512084003537893,
      "graph_build_ms_cached": 0.0016670022159814835,
      "cache_hit_rate": 1.0,
      "peak_memory_bytes": 68493636,
      "persistent_cache_bytes": 1839104,
      "step_intermediate_bytes": 66654532,
      "largest_intermediate_bytes_proxy": 13107200,
      "memory_proxy": {
        "kv_gather": 13107200,
        "scores_fp32": 819200,
        "weights_fp32": 819200,
        "largest": 13107200
      }
    },
    {
      "mode": "wayfinder_permute",
      "batch": 2,
      "heads": 4,
      "seq_len": 512,
      "embd": 128,
      "tokens_per_sec": 410750.1008870129,
      "tokens_per_sec_mean": 447606.88502905535,
      "tokens_per_sec_std": 88471.91870508593,
      "total_ms": 2.4929999963205773,
      "attention_ms": 0.11241650022566319,
      "permute_ms": 0.0,
      "graph_build_ms_first": 31.226500000804663,
      "graph_build_ms_cached": 0.0023125000298023224,
      "cache_hit_rate": 1.0,
      "peak_memory_bytes": 89891428,
      "persistent_cache_bytes": 1839104,
      "step_intermediate_bytes": 88052324,
      "largest_intermediate_bytes_proxy": 13107200,
      "memory_proxy": {
        "kv_gather": 13107200,
        "scores_fp32": 819200,
        "weights_fp32": 819200,
        "largest": 13107200
      }
    },
    {
      "mode": "dense",
      "batch": 2,
      "heads": 4,
      "seq_len": 1024,
      "embd": 128,
      "tokens_per_sec": 1102816.9489489663,
      "tokens_per_sec_mean": 1118505.1685730538,
      "tokens_per_sec_std": 48870.41299390874,
      "total_ms": 1.8570624997664709,
      "attention_ms": 1.8570624997664709,
      "permute_ms": 0.0,
      "graph_build_ms_first": 0.0,
      "graph_build_ms_cached": 0.0,
      "cache_hit_rate": 0.0,
      "peak_memory_bytes": 151093292,
      "persistent_cache_bytes": 0,
      "step_intermediate_bytes": 151093292,
      "largest_intermediate_bytes_proxy": 33554432,
      "memory_proxy": {
        "scores_fp32": 33554432,
        "weights_fp32": 33554432,
        "largest": 33554432
      }
    },
    {
      "mode": "wayfinder_sparse",
      "batch": 2,
      "heads": 4,
      "seq_len": 1024,
      "embd": 128,
      "tokens_per_sec": 605917.1594181363,
      "tokens_per_sec_mean": 603779.4480290309,
      "tokens_per_sec_std": 10741.560216419415,
      "total_ms": 3.3800000019255094,
      "attention_ms": 0.07479199767112732,
      "permute_ms": 0.0,
      "graph_build_ms_first": 79.5284170024097,
      "graph_build_ms_cached": 0.002062000334262848,
      "cache_hit_rate": 1.0,
      "peak_memory_bytes": 172263748,
      "persistent_cache_bytes": 4333568,
      "step_intermediate_bytes": 167930180,
      "largest_intermediate_bytes_proxy": 34603008,
      "memory_proxy": {
        "kv_gather": 34603008,
        "scores_fp32": 2162688,
        "weights_fp32": 2162688,
        "largest": 34603008
      }
    },
    {
      "mode": "wayfinder_permute",
      "batch": 2,
      "heads": 4,
      "seq_len": 1024,
      "embd": 128,
      "tokens_per_sec": 562112.9301688372,
      "tokens_per_sec_mean": 563104.3829333634,
      "tokens_per_sec_std": 7735.270682418309,
      "total_ms": 3.643395997642074,
      "attention_ms": 0.1486460044980049,
      "permute_ms": 0.0,
      "graph_build_ms_first": 69.39162500202656,
      "graph_build_ms_cached": 0.0041040051728487015,
      "cache_hit_rate": 1.0,
      "peak_memory_bytes": 173525604,
      "persistent_cache_bytes": 4333568,
      "step_intermediate_bytes": 169192036,
      "largest_intermediate_bytes_proxy": 34603008,
      "memory_proxy": {
        "kv_gather": 34603008,
        "scores_fp32": 2162688,
        "weights_fp32": 2162688,
        "largest": 34603008
      }
    },
    {
      "mode": "dense",
      "batch": 2,
      "heads": 4,
      "seq_len": 2048,
      "embd": 128,
      "tokens_per_sec": 522088.2793392861,