{
  "created_at": "2026-02-08T23:46:45.152683+00:00",
  "command": "/Volumes/VIXinSSD/wayfinder/scripts/bench_mlx_wayfinder_scale.py --seq-lens 4096 8192 16384 --batch 1 --heads 8 --embd 256 --window 32 --warmup 2 --iters 4 --out-dir /Volumes/VIXinSSD/wayfinder/benchmarks/mlx/tiny_wayfinder/k1_fused",
  "config": {
    "seq_lens": [
      4096,
      8192,
      16384
    ],
    "batch": 1,
    "heads": 8,
    "embd": 256,
    "window": 32,
    "landmark_stride": 64,
    "num_cycles": 1,
    "strategy": "random",
    "regular_num_clusters": 8,
    "warmup": 2,
    "iters": 4,
    "graph_spec": null
  },
  "attention": [
    {
      "mode": "dense",
      "batch": 1,
      "heads": 8,
      "seq_len": 4096,
      "embd": 256,
      "tokens_per_sec": 397378.1388615987,
      "tokens_per_sec_mean": 397119.0087055985,
      "tokens_per_sec_std": 1965.3395255126943,
      "total_ms": 10.307562493835576,
      "attention_ms": 10.307562493835576,
      "permute_ms": 0.0,
      "graph_build_ms_first": 0.0,
      "graph_build_ms_cached": 0.0,
      "cache_hit_rate": 0.0,
      "peak_memory_bytes": 590381088,
      "persistent_cache_bytes": 0,
      "step_intermediate_bytes": 590381088,
      "largest_intermediate_bytes_proxy": 536870912,
      "memory_proxy": {
        "scores_fp32": 536870912,
        "weights_fp32": 536870912,
        "largest": 536870912
      }
    },
    {
      "mode": "wayfinder_sparse",
      "batch": 1,
      "heads": 8,
      "seq_len": 4096,
      "embd": 256,
      "tokens_per_sec": 265322.9251982186,
      "tokens_per_sec_mean": 265490.3574098073,
      "tokens_per_sec_std": 1408.432539651498,
      "total_ms": 15.43779150233604,
      "attention_ms": 0.1438334882259369,
      "permute_ms": 0.0,
      "graph_build_ms_first": 719.9173749983311,
      "graph_build_ms_cached": 0.004728987812995911,
      "cache_hit_rate": 1.0,
      "peak_memory_bytes": 1018757508,
      "persistent_cache_bytes": 45744128,
      "step_intermediate_bytes": 973013380,
      "largest_intermediate_bytes_proxy": 207618048,
      "memory_proxy": {
        "kv_gather": 207618048,
        "scores_fp32": 12976128,
        "weights_fp32": 12976128,
        "largest": 207618048
      }
    },
    {
      "mode": "wayfinder_permute",
      "batch": 1,
      "heads": 8,
      "seq_len": 4096,
      "embd": 256,
      "tokens_per_sec": 1617254.0803480737,
      "tokens_per_sec_mean": 1652406.8644910434,
      "tokens_per_sec_std": 289971.1900495294,
      "total_ms": 2.5326879986096174,
      "attention_ms": 2.2716669887304306,
      "permute_ms": 2.271437495946884,
      "graph_build_ms_first": 714.5465830266476,
      "graph_build_ms_cached": 0.001833498477935791,
      "cache_hit_rate": 1.0,
      "peak_memory_bytes": 164073572,
      "persistent_cache_bytes": 45744128,
      "step_intermediate_bytes": 118329444,
      "largest_intermediate_bytes_proxy": 207618048,
      "memory_proxy": {
        "kv_gather": 207618048,
        "scores_fp32": 12976128,
        "weights_fp32": 12976128,
        "largest": 207618048
      }
    },
    {
      "mode": "dense",
      "batch": 1,
      "heads": 8,
      "seq_len": 8192,
      "embd": 256,
      "tokens_per_sec": 199598.48589441035,
      "tokens_per_sec_mean": 199038.7181336649,
      "tokens_per_sec_std": 1778.3594391379593,
      "total_ms": 41.04239550360944,
      "attention_ms": 41.04239550360944,
      "permute_ms": 0.0,
      "graph_build_ms_first": 0.0,
      "graph_build_ms_cached": 0.0,
      "cache_hit_rate": 0.0,
      "peak_memory_bytes": 2332950572,
      "persistent_cache_bytes": 0,
      "step_intermediate_bytes": 2332950572,
      "largest_intermediate_bytes_proxy": 2147483648,
      "memory_proxy": {
        "scores_fp32": 2147483648,
        "weights_fp32": 2147483648,
        "largest": 2147483648
      }
    },
    {
      "mode": "wayfinder_sparse",
      "batch": 1,
      "heads": 8,
      "seq_len": 8192,
      "embd": 256,
      "tokens_per_sec": 172718.8271981906,
      "tokens_per_sec_mean": 172651.45066989973,
      "tokens_per_sec_std": 293.00976961719647,
      "total_ms": 47.429687503608875,
      "attention_ms": 0.15806299448013306,
      "permute_ms": 0.0,
      "graph_build_ms_first": 1968.4908749759197,
      "graph_build_ms_cached": 0.0058960020542144775,
      "cache_hit_rate": 1.0,
      "peak_memory_bytes": 2664235232,
      "persistent_cache_bytes": 133431296,
      "step_intermediate_bytes": 2530803936,
      "largest_intermediate_bytes_proxy": 683671552,
      "memory_proxy": {
        "kv_gather": 683671552,
        "scores_fp32": 42729472,
        "weights_fp32": 42729472,
        "largest": 683671552
      }
    },
    {
      "mode": "wayfinder_permute",
      "batch": 1,
      "heads": 8,
      "seq_len": 8192,
      "embd": 256,
      "tokens_per_sec": 2052339.6693171472,
      "tokens_per_sec_mean": 2051019.9352361318,
      "tokens_per_sec_std": 14576.214862129786,
      "total_ms": 3.991542005678639,
      "attention_ms": 3.6767500042915344,
      "permute_ms": 3.676333472132683,
      "graph_build_ms_first": 1974.9967080056667,
      "graph_build_ms_cached": 0.002688005566596985,
      "cache_hit_rate": 1.0,
      "peak_memory_bytes": 368911076,
      "persistent_cache_bytes": 133431296,
      "step_intermediate_bytes": 235479780,
      "largest_intermediate_bytes_proxy": 683671552,
      "memory_proxy": {
        "kv_gather": 683671552,
        "scores_fp32": 42729472,
        "weights_fp32": 42729472,
        "largest": 683671552
      }
    },
    {
      "mode": "dense",
      "batch": 1,
      "heads": 8,
      "seq_len": 16384,
      "embd": 256,
      "tokens_per_sec": 97449.58629074944,
      "tokens_per_sec_mean": 97340.29547011622,
      "tokens_per_sec_std": 451.11085033012694,
      "total_ms": 168.12795850273687,
      "attention_ms": 168.12795850273687,
      "permute_ms": 0.0,
      "graph_build_ms_first": 0.0,
      "graph_build_ms_cached": 0.0,
      "cache_hit_rate": 0.0,
      "peak_memory_bytes": 9135751212,
      "persistent_cache_bytes": 0,
      "step_intermediate_bytes": 9135751212,
      "largest_intermediate_bytes_proxy": 8589934592,
      "memory_proxy": {
        "scores_fp32": 8589934592,
        "weights_fp32": 8589934592,
        "largest": 8589934592
      }
    },
    {
      "mode": "wayfinder_sparse",
      "batch": 1,
      "heads": 8,
      "seq_len": 16384,
      "embd": 256,
      "tokens_per_sec": 99255.70097609327,
      "tokens_per_sec_mean": 99275.55713654829,
      "tokens_per_sec_std": 624.395898641071,
      "total_ms": 165.06860400841106,
      "attention_ms": 0.17595799267292023,
      "permute_ms": 0.0,
      "graph_build_ms_first": 6264.465042024851,
      "graph_build_ms_cached": 0.006333500146865845,
      "cache_hit_rate": 1.0,
      "peak_memory_bytes": 6168936588,
      "persistent_cache_bytes": 434634752,
      "step_intermediate_bytes": 5734301836,
      "largest_intermediate_bytes_proxy": 2441084928,
      "memory_proxy": {
        "kv_gather": 2441084928,
        "scores_fp32": 152567808,
        "weights_fp32": 152567808,
        "largest": 2441084928
      }
    },
    {
      "mode": "wayfinder_permute",
      "batch": 1,
      "heads": 8,
      "seq_len": 16384,
      "embd": 256,
      "tokens_per_sec": 2161750.924548199,
      "tokens_per_sec_mean": 2154968.4458642835,
      "tokens_per_sec_std": 21178.3154955773,
      "total_ms": 7.5790415139636025,
      "attention_ms": 7.106270998716354,
      "permute_ms": 7.105895459651947,
      "graph_build_ms_first": 6190.936125010252,
      "graph_build_ms_cached": 0.003791496157646179,
      "cache_hit_rate": 1.0,
      "peak_memory_bytes": 783588324,
      "persistent_cache_bytes": 434634752,
      "step_intermediate_bytes": 348953572,
      "largest_intermediate_bytes_proxy": 2441084928,
      "memory_proxy": {
        "kv_gather": 2441084928,
        "scores_fp32": 152567808,
        "weights_fp32": 152567808,