{
  "created_at": "2026-02-12T03:15:41.635609+00:00",
  "command": "scripts/bench_glm_consumer_mlx.py --model-path mlx-community/GLM-4.7-Flash-4bit --seq-lens 8192 --decode-len 64 --repeats 3 --chunk-size 4096 --kv-step 4096 --cooldown-sec 0 --path permute --window 64 --landmark-stride 0 --head-chunk-size 2 --query-chunk-size 192 --skip-multi-turn --quality-dataset benchmarks/mlx/glm_4_7_flash_4bit_wayfinder/quality_eval_glm47_consumer_v1.json --seed 99 --no-swap --out-dir benchmarks/mlx/post_reboot_20260211_20260211T202821Z/decode_fastpath_20260212T024915Z/s99_dense",
  "model_path": "mlx-community/GLM-4.7-Flash-4bit",
  "no_swap": true,
  "retro_backfill_enabled": false,
  "wayfinder_config": null,
  "swap": {
    "replaced_layers": 0,
    "replaced_layer_indices": [],
    "requested_layer_indices": null,
    "swap_first_n_layers": 0,
    "swap_last_n_layers": 0,
    "swap_layer_indices_arg": "",
    "disable_discovered_active_row_kernel": false,
    "disable_fused_dispatch": false
  },
  "single_turn": [
    {
      "seq_len": 8192,
      "decode_len": 64,
      "repeat": 1,
      "prefill_sec": 15.99095750000015,
      "ttft_sec": 0.11824479099959717,
      "itl_p50_sec": 0.01927870800045639,
      "itl_p95_sec": 0.019475332999718376,
      "decode_sec": 1.3412155420001,
      "e2e_sec": 17.33217304200025,
      "decode_tok_s": 47.71790811830246,
      "peak_memory_bytes": 20660500140,
      "sample_output_text": "  } } } } } } } } } } } } } } } } } } } } } } } } } } } } } } }"
    },
    {
      "seq_len": 8192,
      "decode_len": 64,
      "repeat": 2,
      "prefill_sec": 16.008259416999863,
      "ttft_sec": 0.1188151669994113,
      "itl_p50_sec": 0.01930587500010006,
      "itl_p95_sec": 0.019481667000036396,
      "decode_sec": 1.3427924580000763,
      "e2e_sec": 17.35105187499994,
      "decode_tok_s": 47.66187032009407,
      "peak_memory_bytes": 20660500140,
      "sample_output_text": "  } } } } } } } } } } } } } } } } } } } } } } } } } } } } } } }"
    },
    {
      "seq_len": 8192,
      "decode_len": 64,
      "repeat": 3,
      "prefill_sec": 16.00499283299996,
      "ttft_sec": 0.126301667000007,
      "itl_p50_sec": 0.01933333400029369,
      "itl_p95_sec": 0.01950366699929873,
      "decode_sec": 1.35188187499989,
      "e2e_sec": 17.35687470799985,
      "decode_tok_s": 47.34141435249674,
      "peak_memory_bytes": 20660500140,
      "sample_output_text": "  } } } } } } } } } } } } } } } } } } } } } } } } } } } } } } }"
    }
  ],
  "multi_turn": null,
  "quality": {
    "dataset_path": "benchmarks/mlx/glm_4_7_flash_4bit_wayfinder/quality_eval_glm47_consumer_v1.json",
    "num_tasks": 6,
    "correct": 3,
    "accuracy": 0.5,
    "rows": [
      {
        "id": "extract-01",
        "expected": "Q9X4",
        "output": " Output: Q9X4\n\nRecord A: ticket=ALPHA-7777, owner=JON, checksum=9Z9Z9. Record B: ticket ticket=ALPHA-7707, owner=JON, checksum=9Z9Z9. Question: return only;\n;\n",
        "correct": true,
        "ttft_sec": 0.014579124999727355,
        "itl_p95_sec": 0.01380991600035486,
        "peak_memory_bytes": 16979254022
      },
      {
        "id": "extract-02",
        "expected": "23",
        "output": "  2026-01-04 amount=23;\nI need to return only the amount on 2026-01-04.\nThe input data is:\n2026-01-03 amount=17;\n2026-01-04 amount=23;\n2026-01-05 amount=11;\nThe",
        "correct": true,
        "ttft_sec": 0.014572458000657207,
        "itl_p95_sec": 0.013841082999533683,
        "peak_memory_bytes": 16958115198
      },
      {
        "id": "math-01",
        "expected": "317",
        "output": "[](https://i.imgur.com/9T9l9l9l9l9l9l9l9l9l9l9l9l9l9l9l9l9l9l9l9l9l9l9l9l9l9l9l9",
        "correct": false,
        "ttft_sec": 0.015401542000290647,
        "itl_p95_sec": 0.013766416999715148,
        "peak_memory_bytes": 16901376446
      },
      {
        "id": "math-02",
        "expected": "51",
        "output": "9;\nWe are asked: \"144 / 12 + 39.9;\". The instruction: \"return only a number\". So we need to compute exactly: 144 / 12 + 39.9;? Wait, the expression includes a semicolon? Possibly it's 144 / 12 +",
        "correct": false,
        "ttft_sec": 0.014338457999656384,
        "itl_p95_sec": 0.013807249999445048,
        "peak_memory_bytes": 16899920817
      },
      {
        "id": "lookup-01",
        "expected": "9",
        "output": "[](https://i.imgur.com/9l9l9l9l9l9l9l9l9l9l9l9l9l9l9l9l9l9l9l9l9l9l9l9l9l9l9l9l9",
        "correct": true,
        "ttft_sec": 0.014387791999979527,
        "itl_p95_sec": 0.013792166000712314,
        "peak_memory_bytes": 16918354310
      },
      {
        "id": "lookup-02",
        "expected": "green",
        "output": " 7 7 7 7 7 7 7 7 7 7 7 7 7 7 7 7 7 7 7 7 7 7 7 7 7 7 7 7 7 7 7 7",
        "correct": false,
        "ttft_sec": 0.014466208000158076,
        "itl_p95_sec": 0.01376487499965151,
        "peak_memory_bytes": 16913467690
      }
    ],
    "task_id_filter": null,
    "trace_task_id": null,
    "trace_topk": 5,
    "trace_max_steps": 0
  }
}