{
  "created_at": "2026-02-08T23:32:23.918039+00:00",
  "command": "/Volumes/VIXinSSD/wayfinder/scripts/bench_mlx_wayfinder_scale.py --seq-lens 4096 8192 16384 --batch 1 --heads 8 --embd 256 --window 32 --warmup 2 --iters 4 --out-dir /Volumes/VIXinSSD/wayfinder/benchmarks/mlx/tiny_wayfinder/k4_baseline",
  "config": {
    "seq_lens": [
      4096,
      8192,
      16384
    ],
    "batch": 1,
    "heads": 8,
    "embd": 256,
    "window": 32,
    "landmark_stride": 64,
    "num_cycles": 1,
    "strategy": "random",
    "regular_num_clusters": 8,
    "warmup": 2,
    "iters": 4,
    "graph_spec": null
  },
  "attention": [
    {
      "mode": "dense",
      "batch": 1,
      "heads": 8,
      "seq_len": 4096,
      "embd": 256,
      "tokens_per_sec": 384024.019767685,
      "tokens_per_sec_mean": 381330.9353718285,
      "tokens_per_sec_std": 7496.334315463515,
      "total_ms": 10.665999492630363,
      "attention_ms": 10.665999492630363,
      "permute_ms": 0.0,
      "graph_build_ms_first": 0.0,
      "graph_build_ms_cached": 0.0,
      "cache_hit_rate": 0.0,
      "peak_memory_bytes": 590381088,
      "persistent_cache_bytes": 0,
      "step_intermediate_bytes": 590381088,
      "largest_intermediate_bytes_proxy": 536870912,
      "memory_proxy": {
        "scores_fp32": 536870912,
        "weights_fp32": 536870912,
        "largest": 536870912
      }
    },
    {
      "mode": "wayfinder_sparse",
      "batch": 1,
      "heads": 8,
      "seq_len": 4096,
      "embd": 256,
      "tokens_per_sec": 250886.54806646082,
      "tokens_per_sec_mean": 251575.24352170114,
      "tokens_per_sec_std": 1570.6840022974482,
      "total_ms": 16.32610449451022,
      "attention_ms": 0.1716870218515396,
      "permute_ms": 0.0,
      "graph_build_ms_first": 828.4597079753876,
      "graph_build_ms_cached": 0.006187498569488525,
      "cache_hit_rate": 1.0,
      "peak_memory_bytes": 1018757508,
      "persistent_cache_bytes": 45744128,
      "step_intermediate_bytes": 973013380,
      "largest_intermediate_bytes_proxy": 207618048,
      "memory_proxy": {
        "kv_gather": 207618048,
        "scores_fp32": 12976128,
        "weights_fp32": 12976128,
        "largest": 207618048
      }
    },
    {
      "mode": "wayfinder_permute",
      "batch": 1,
      "heads": 8,
      "seq_len": 4096,
      "embd": 256,
      "tokens_per_sec": 1334890.4901262817,
      "tokens_per_sec_mean": 1337848.0086918636,
      "tokens_per_sec_std": 20411.33613395527,
      "total_ms": 3.068416495807469,
      "attention_ms": 2.7377085089683533,
      "permute_ms": 2.7372284829616547,
      "graph_build_ms_first": 727.9475829899311,
      "graph_build_ms_cached": 0.003166988492012024,
      "cache_hit_rate": 1.0,
      "peak_memory_bytes": 164073572,
      "persistent_cache_bytes": 45744128,
      "step_intermediate_bytes": 118329444,
      "largest_intermediate_bytes_proxy": 207618048,
      "memory_proxy": {
        "kv_gather": 207618048,
        "scores_fp32": 12976128,
        "weights_fp32": 12976128,
        "largest": 207618048
      }
    },
    {
      "mode": "dense",
      "batch": 1,
      "heads": 8,
      "seq_len": 8192,
      "embd": 256,
      "tokens_per_sec": 194653.0989523175,
      "tokens_per_sec_mean": 194464.5242316639,
      "tokens_per_sec_std": 1686.9152763306927,
      "total_ms": 42.08512499462813,
      "attention_ms": 42.08512499462813,
      "permute_ms": 0.0,
      "graph_build_ms_first": 0.0,
      "graph_build_ms_cached": 0.0,
      "cache_hit_rate": 0.0,
      "peak_memory_bytes": 2332950572,
      "persistent_cache_bytes": 0,
      "step_intermediate_bytes": 2332950572,
      "largest_intermediate_bytes_proxy": 2147483648,
      "memory_proxy": {
        "scores_fp32": 2147483648,
        "weights_fp32": 2147483648,
        "largest": 2147483648
      }
    },
    {
      "mode": "wayfinder_sparse",
      "batch": 1,
      "heads": 8,
      "seq_len": 8192,
      "embd": 256,
      "tokens_per_sec": 164359.65099687278,
      "tokens_per_sec_mean": 164583.77528964286,
      "tokens_per_sec_std": 1683.949221241311,
      "total_ms": 49.8419164941879,
      "attention_ms": 0.22195850312709808,
      "permute_ms": 0.0,
      "graph_build_ms_first": 1969.155500024557,
      "graph_build_ms_cached": 0.008062005043029785,
      "cache_hit_rate": 1.0,
      "peak_memory_bytes": 2664235232,
      "persistent_cache_bytes": 133431296,
      "step_intermediate_bytes": 2530803936,
      "largest_intermediate_bytes_proxy": 683671552,
      "memory_proxy": {
        "kv_gather": 683671552,
        "scores_fp32": 42729472,
        "weights_fp32": 42729472,
        "largest": 683671552
      }
    },
    {
      "mode": "wayfinder_permute",
      "batch": 1,
      "heads": 8,
      "seq_len": 8192,
      "embd": 256,
      "tokens_per_sec": 1485936.659350137,
      "tokens_per_sec_mean": 1481775.2424897435,
      "tokens_per_sec_std": 71711.01586728271,
      "total_ms": 5.51302099484019,
      "attention_ms": 5.072062000632286,
      "permute_ms": 5.07158350944519,
      "graph_build_ms_first": 1958.6481249928474,
      "graph_build_ms_cached": 0.00429198145866394,
      "cache_hit_rate": 1.0,
      "peak_memory_bytes": 368911076,
      "persistent_cache_bytes": 133431296,
      "step_intermediate_bytes": 235479780,
      "largest_intermediate_bytes_proxy": 683671552,
      "memory_proxy": {
        "kv_gather": 683671552,
        "scores_fp32": 42729472,
        "weights_fp32": 42729472,
        "largest": 683671552
      }
    },
    {
      "mode": "dense",
      "batch": 1,
      "heads": 8,
      "seq_len": 16384,
      "embd": 256,
      "tokens_per_sec": 92872.89735560477,
      "tokens_per_sec_mean": 92851.09248257996,
      "tokens_per_sec_std": 400.79635751339754,
      "total_ms": 176.41314599313773,
      "attention_ms": 176.41314599313773,
      "permute_ms": 0.0,
      "graph_build_ms_first": 0.0,
      "graph_build_ms_cached": 0.0,
      "cache_hit_rate": 0.0,
      "peak_memory_bytes": 9135751212,
      "persistent_cache_bytes": 0,
      "step_intermediate_bytes": 9135751212,
      "largest_intermediate_bytes_proxy": 8589934592,
      "memory_proxy": {
        "scores_fp32": 8589934592,
        "weights_fp32": 8589934592,
        "largest": 8589934592
      }
    },
    {
      "mode": "wayfinder_sparse",
      "batch": 1,
      "heads": 8,
      "seq_len": 16384,
      "embd": 256,
      "tokens_per_sec": 98021.81958367843,
      "tokens_per_sec_mean": 97840.3455081631,
      "tokens_per_sec_std": 1454.8414574421258,
      "total_ms": 167.14645850879606,
      "attention_ms": 0.16270850598812103,
      "permute_ms": 0.0,
      "graph_build_ms_first": 6193.980500012636,
      "graph_build_ms_cached": 0.005978986620903015,
      "cache_hit_rate": 1.0,
      "peak_memory_bytes": 6168936588,
      "persistent_cache_bytes": 434634752,
      "step_intermediate_bytes": 5734301836,
      "largest_intermediate_bytes_proxy": 2441084928,
      "memory_proxy": {
        "kv_gather": 2441084928,
        "scores_fp32": 152567808,
        "weights_fp32": 152567808,
        "largest": 2441084928
      }
    },
    {
      "mode": "wayfinder_permute",
      "batch": 1,
      "heads": 8,
      "seq_len": 16384,
      "embd": 256,
      "tokens_per_sec": 2027074.7622189687,
      "tokens_per_sec_mean": 2028914.1889012167,
      "tokens_per_sec_std": 7461.192600829991,
      "total_ms": 8.08258299366571,
      "attention_ms": 7.492646023631096,
      "permute_ms": 7.4920829981565475,
      "graph_build_ms_first": 6154.758583009243,
      "graph_build_ms_cached": 0.005854502320289612,
      "cache_hit_rate": 1.0,
      "peak_memory_bytes": 783588324,
      "persistent_cache_bytes": 434634752,
      "step_intermediate_bytes": 348953572,
      "largest_intermediate_bytes_proxy": 2441084928,
      "memory_proxy": {
        "kv_gather": 2441084928,
        "scores_fp32": 152567808,
        "weights_fp32": 152567808,