{
  "created_at": "2026-02-07T16:54:40.798320+00:00",
  "command": "scripts/bench_mlx_wayfinder_scale.py --seq-lens 256 512 1024 2048 4096 --batch 2 --heads 4 --embd 128 --window 32 --landmark-stride 32 --warmup 2 --iters 6 --out-dir benchmarks/mlx/tiny_wayfinder/20260207_tiny_batched_gate_mlx306",
  "config": {
    "seq_lens": [
      256,
      512,
      1024,
      2048,
      4096
    ],
    "batch": 2,
    "heads": 4,
    "embd": 128,
    "window": 32,
    "landmark_stride": 32,
    "num_cycles": 1,
    "strategy": "random",
    "warmup": 2,
    "iters": 6,
    "graph_spec": null
  },
  "attention": [
    {
      "mode": "dense",
      "batch": 2,
      "heads": 4,
      "seq_len": 256,
      "embd": 128,
      "tokens_per_sec": 1220318.782672468,
      "tokens_per_sec_mean": 1160278.8121792835,
      "tokens_per_sec_std": 122328.42177871906,
      "total_ms": 0.41956250061048195,
      "attention_ms": 0.41956250061048195,
      "permute_ms": 0.0,
      "graph_build_ms_first": 0.0,
      "graph_build_ms_cached": 0.0,
      "cache_hit_rate": 0.0,
      "peak_memory_bytes": 10700836,
      "persistent_cache_bytes": 0,
      "step_intermediate_bytes": 10700836,
      "largest_intermediate_bytes_proxy": 2097152,
      "memory_proxy": {
        "scores_fp32": 2097152,
        "weights_fp32": 2097152,
        "largest": 2097152
      }
    },
    {
      "mode": "wayfinder_sparse",
      "batch": 2,
      "heads": 4,
      "seq_len": 256,
      "embd": 128,
      "tokens_per_sec": 369519.5461115403,
      "tokens_per_sec_mean": 356542.57748583786,
      "tokens_per_sec_std": 53373.83713275918,
      "total_ms": 1.3855829965905286,
      "attention_ms": 0.08085399866104126,
      "permute_ms": 0.0,
      "graph_build_ms_first": 20.276624999940395,
      "graph_build_ms_cached": 0.0022915005683898926,
      "cache_hit_rate": 1.0,
      "peak_memory_bytes": 28305732,
      "persistent_cache_bytes": 845824,
      "step_intermediate_bytes": 27459908,
      "largest_intermediate_bytes_proxy": 5505024,
      "memory_proxy": {
        "kv_gather": 5505024,
        "scores_fp32": 344064,
        "weights_fp32": 344064,
        "largest": 5505024
      }
    },
    {
      "mode": "wayfinder_permute",
      "batch": 2,
      "heads": 4,
      "seq_len": 256,
      "embd": 128,
      "tokens_per_sec": 932922.5057168575,
      "tokens_per_sec_mean": 904202.1461920221,
      "tokens_per_sec_std": 132874.69652499398,
      "total_ms": 0.5488130009325687,
      "attention_ms": 0.3571459986269474,
      "permute_ms": 0.3569374978542328,
      "graph_build_ms_first": 16.332333005964756,
      "graph_build_ms_cached": 0.0015205033123493195,
      "cache_hit_rate": 1.0,
      "peak_memory_bytes": 13977708,
      "persistent_cache_bytes": 845824,
      "step_intermediate_bytes": 13131884,
      "largest_intermediate_bytes_proxy": 5505024,
      "memory_proxy": {
        "kv_gather": 5505024,
        "scores_fp32": 344064,
        "weights_fp32": 344064,
        "largest": 5505024
      }
    },
    {
      "mode": "dense",
      "batch": 2,
      "heads": 4,
      "seq_len": 512,
      "embd": 128,
      "tokens_per_sec": 1914018.6813723336,
      "tokens_per_sec_mean": 1810858.380313538,
      "tokens_per_sec_std": 295624.01674243587,
      "total_ms": 0.5350000028556678,
      "attention_ms": 0.5350000028556678,
      "permute_ms": 0.0,
      "graph_build_ms_first": 0.0,
      "graph_build_ms_cached": 0.0,
      "cache_hit_rate": 0.0,
      "peak_memory_bytes": 39161908,
      "persistent_cache_bytes": 0,
      "step_intermediate_bytes": 39161908,
      "largest_intermediate_bytes_proxy": 8388608,
      "memory_proxy": {
        "scores_fp32": 8388608,
        "weights_fp32": 8388608,
        "largest": 8388608
      }
    },
    {
      "mode": "wayfinder_sparse",
      "batch": 2,
      "heads": 4,
      "seq_len": 512,
      "embd": 128,
      "tokens_per_sec": 651580.8321319437,
      "tokens_per_sec_mean": 651899.329020765,
      "tokens_per_sec_std": 62085.372021143114,
      "total_ms": 1.5715624977019615,
      "attention_ms": 0.06900050491094589,
      "permute_ms": 0.0,
      "graph_build_ms_first": 32.66820899397135,
      "graph_build_ms_cached": 0.0013335011899471283,
      "cache_hit_rate": 1.0,
      "peak_memory_bytes": 65143108,
      "persistent_cache_bytes": 1855488,
      "step_intermediate_bytes": 63287620,
      "largest_intermediate_bytes_proxy": 13107200,
      "memory_proxy": {
        "kv_gather": 13107200,
        "scores_fp32": 819200,
        "weights_fp32": 819200,
        "largest": 13107200
      }
    },
    {
      "mode": "wayfinder_permute",
      "batch": 2,
      "heads": 4,
      "seq_len": 512,
      "embd": 128,
      "tokens_per_sec": 1394818.87053669,
      "tokens_per_sec_mean": 1370770.635359148,
      "tokens_per_sec_std": 142377.96534364778,
      "total_ms": 0.7341455020650756,
      "attention_ms": 0.5592294968664646,
      "permute_ms": 0.559041503816843,
      "graph_build_ms_first": 32.200290992856026,
      "graph_build_ms_cached": 0.0011250004172325134,
      "cache_hit_rate": 1.0,
      "peak_memory_bytes": 30261380,
      "persistent_cache_bytes": 1855488,
      "step_intermediate_bytes": 28405892,
      "largest_intermediate_bytes_proxy": 13107200,
      "memory_proxy": {
        "kv_gather": 13107200,
        "scores_fp32": 819200,
        "weights_fp32": 819200,
        "largest": 13107200
      }
    },
    {
      "mode": "dense",
      "batch": 2,
      "heads": 4,
      "seq_len": 1024,
      "embd": 128,
      "tokens_per_sec": 1123294.1452491821,
      "tokens_per_sec_mean": 1073249.5894561587,
      "tokens_per_sec_std": 109743.82167084444,
      "total_ms": 1.823209004214732,
      "attention_ms": 1.823209004214732,
      "permute_ms": 0.0,
      "graph_build_ms_first": 0.0,
      "graph_build_ms_cached": 0.0,
      "cache_hit_rate": 0.0,
      "peak_memory_bytes": 145536044,
      "persistent_cache_bytes": 0,
      "step_intermediate_bytes": 145536044,
      "largest_intermediate_bytes_proxy": 33554432,
      "memory_proxy": {
        "scores_fp32": 33554432,
        "weights_fp32": 33554432,
        "largest": 33554432
      }
    },
    {
      "mode": "wayfinder_sparse",
      "batch": 2,
      "heads": 4,
      "seq_len": 1024,
      "embd": 128,
      "tokens_per_sec": 560619.1334034184,
      "tokens_per_sec_mean": 564991.7848173256,
      "tokens_per_sec_std": 27280.012150872844,
      "total_ms": 3.653104002296459,
      "attention_ms": 0.07397899404168129,
      "permute_ms": 0.0,
      "graph_build_ms_first": 78.18674999475479,
      "graph_build_ms_cached": 0.003666497766971588,
      "cache_hit_rate": 1.0,
      "peak_memory_bytes": 166848836,
      "persistent_cache_bytes": 4366336,
      "step_intermediate_bytes": 162482500,
      "largest_intermediate_bytes_proxy": 34603008,
      "memory_proxy": {
        "kv_gather": 34603008,
        "scores_fp32": 2162688,
        "weights_fp32": 2162688,
        "largest": 34603008
      }
    },
    {
      "mode": "wayfinder_permute",
      "batch": 2,
      "heads": 4,
      "seq_len": 1024,
      "embd": 128,
      "tokens_per_sec": 2001995.158138345,
      "tokens_per_sec_mean": 1920667.8432799699,
      "tokens_per_sec_std": 217012.29360091672,
      "total_ms": 1.0229794970655348,
      "attention_ms": 0.8470624946057796,
      "permute_ms": 0.8468125015497208,
      "graph_build_ms_first": 72.2146249935031,
      "graph_build_ms_cached": 0.001645997166633606,
      "cache_hit_rate": 1.0,
      "peak_memory_bytes": 62901940,
      "persistent_cache_bytes": 4366336,
      "step_intermediate_bytes": 58535604,
      "largest_intermediate_bytes_proxy": 34603008,
      "memory_proxy": {
        "kv_gather": 34603008,
        "scores_fp32": 2162688,
        "weights_fp32": 2162688,
        "largest": 34603008
      }
    },
    {
      "mode": "dense",
      "batch": 2,
      "heads": 4,
      "seq_len": 2048,
      "embd": 128,