{
  "created_at": "2026-02-12T03:12:30.727560+00:00",
  "command": "scripts/bench_glm_consumer_mlx.py --model-path mlx-community/GLM-4.7-Flash-4bit --seq-lens 8192 --decode-len 64 --repeats 3 --chunk-size 4096 --kv-step 4096 --cooldown-sec 0 --path permute --window 64 --landmark-stride 0 --head-chunk-size 2 --query-chunk-size 192 --skip-multi-turn --quality-dataset benchmarks/mlx/glm_4_7_flash_4bit_wayfinder/quality_eval_glm47_consumer_v1.json --seed 7 --no-swap --out-dir benchmarks/mlx/post_reboot_20260211_20260211T202821Z/decode_fastpath_20260212T024915Z/s7_dense",
  "model_path": "mlx-community/GLM-4.7-Flash-4bit",
  "no_swap": true,
  "retro_backfill_enabled": false,
  "wayfinder_config": null,
  "swap": {
    "replaced_layers": 0,
    "replaced_layer_indices": [],
    "requested_layer_indices": null,
    "swap_first_n_layers": 0,
    "swap_last_n_layers": 0,
    "swap_layer_indices_arg": "",
    "disable_discovered_active_row_kernel": false,
    "disable_fused_dispatch": false
  },
  "single_turn": [
    {
      "seq_len": 8192,
      "decode_len": 64,
      "repeat": 1,
      "prefill_sec": 16.02000600000065,
      "ttft_sec": 0.1274864159995559,
      "itl_p50_sec": 0.018966083000123035,
      "itl_p95_sec": 0.01920291599981283,
      "decode_sec": 1.3306295419997696,
      "e2e_sec": 17.35063554200042,
      "decode_tok_s": 48.09753427224832,
      "peak_memory_bytes": 20660500140,
      "sample_output_text": "  } } } } } } } } } } } } } } } } } } } } } } } } } } } } } } }"
    },
    {
      "seq_len": 8192,
      "decode_len": 64,
      "repeat": 2,
      "prefill_sec": 16.006955333000406,
      "ttft_sec": 0.1255092080000395,
      "itl_p50_sec": 0.019105124999441614,
      "itl_p95_sec": 0.01940870900034497,
      "decode_sec": 1.3410149170003933,
      "e2e_sec": 17.3479702500008,
      "decode_tok_s": 47.725047043590216,
      "peak_memory_bytes": 20660500140,
      "sample_output_text": "  } } } } } } } } } } } } } } } } } } } } } } } } } } } } } } }"
    },
    {
      "seq_len": 8192,
      "decode_len": 64,
      "repeat": 3,
      "prefill_sec": 16.011674832999233,
      "ttft_sec": 0.1318463329998849,
      "itl_p50_sec": 0.01935741700071958,
      "itl_p95_sec": 0.01950116700027138,
      "decode_sec": 1.3591995840006348,
      "e2e_sec": 17.370874416999868,
      "decode_tok_s": 47.08653589462113,
      "peak_memory_bytes": 20660500140,
      "sample_output_text": "  } } } } } } } } } } } } } } } } } } } } } } } } } } } } } } }"
    }
  ],
  "multi_turn": null,
  "quality": {
    "dataset_path": "benchmarks/mlx/glm_4_7_flash_4bit_wayfinder/quality_eval_glm47_consumer_v1.json",
    "num_tasks": 6,
    "correct": 3,
    "accuracy": 0.5,
    "rows": [
      {
        "id": "extract-01",
        "expected": "Q9X4",
        "output": " Output: Q9X4\n\nRecord A: ticket=ALPHA-7777, owner=JON, checksum=9Z9Z9. Record B: ticket ticket=ALPHA-7707, owner=JON, checksum=9Z9Z9. Question: return only;\n;\n",
        "correct": true,
        "ttft_sec": 0.014604709000195726,
        "itl_p95_sec": 0.013788874999590917,
        "peak_memory_bytes": 16979254022
      },
      {
        "id": "extract-02",
        "expected": "23",
        "output": "  2026-01-04 amount=23;\nI need to return only the amount on 2026-01-04.\nThe input data is:\n2026-01-03 amount=17;\n2026-01-04 amount=23;\n2026-01-05 amount=11;\nThe",
        "correct": true,
        "ttft_sec": 0.01443545899928722,
        "itl_p95_sec": 0.013789874999929452,
        "peak_memory_bytes": 16958115198
      },
      {
        "id": "math-01",
        "expected": "317",
        "output": "[](https://i.imgur.com/9T9l9l9l9l9l9l9l9l9l9l9l9l9l9l9l9l9l9l9l9l9l9l9l9l9l9l9l9",
        "correct": false,
        "ttft_sec": 0.01546020900059375,
        "itl_p95_sec": 0.013822959000208357,
        "peak_memory_bytes": 16901376446
      },
      {
        "id": "math-02",
        "expected": "51",
        "output": "9;\nWe are asked: \"144 / 12 + 39.9;\". The instruction: \"return only a number\". So we need to compute exactly: 144 / 12 + 39.9;? Wait, the expression includes a semicolon? Possibly it's 144 / 12 +",
        "correct": false,
        "ttft_sec": 0.014288291999946523,
        "itl_p95_sec": 0.013800666999486566,
        "peak_memory_bytes": 16899937218
      },
      {
        "id": "lookup-01",
        "expected": "9",
        "output": "[](https://i.imgur.com/9l9l9l9l9l9l9l9l9l9l9l9l9l9l9l9l9l9l9l9l9l9l9l9l9l9l9l9l9",
        "correct": true,
        "ttft_sec": 0.01437954199991509,
        "itl_p95_sec": 0.013795541000035882,
        "peak_memory_bytes": 16918354310
      },
      {
        "id": "lookup-02",
        "expected": "green",
        "output": " 7 7 7 7 7 7 7 7 7 7 7 7 7 7 7 7 7 7 7 7 7 7 7 7 7 7 7 7 7 7 7 7",
        "correct": false,
        "ttft_sec": 0.014403166999727546,
        "itl_p95_sec": 0.013812834000418661,
        "peak_memory_bytes": 16913467690
      }
    ],
    "task_id_filter": null,
    "trace_task_id": null,
    "trace_topk": 5,
    "trace_max_steps": 0
  }
}