{
  "created_at": "2026-02-12T13:43:19.455701+00:00",
  "command": "scripts/bench_glm_consumer_mlx.py --model-path mlx-community/GLM-4.7-Flash-4bit --seq-lens 8192 --decode-len 64 --repeats 3 --chunk-size 4096 --kv-step 4096 --cooldown-sec 0 --path permute --window 64 --landmark-stride 0 --head-chunk-size 2 --query-chunk-size 192 --skip-multi-turn --skip-quality --seed 42 --active-dense-threshold 16384 --no-swap --out-dir benchmarks/mlx/post_reboot_20260211_20260211T202821Z/decode_midband_sweep_20260212T134315Z/s42_dense",
  "model_path": "mlx-community/GLM-4.7-Flash-4bit",
  "no_swap": true,
  "retro_backfill_enabled": false,
  "wayfinder_config": null,
  "swap": {
    "replaced_layers": 0,
    "replaced_layer_indices": [],
    "requested_layer_indices": null,
    "swap_first_n_layers": 0,
    "swap_last_n_layers": 0,
    "swap_layer_indices_arg": "",
    "disable_discovered_active_row_kernel": false,
    "disable_fused_dispatch": false
  },
  "single_turn": [
    {
      "seq_len": 8192,
      "decode_len": 64,
      "repeat": 1,
      "prefill_sec": 17.433606540995243,
      "ttft_sec": 0.25350170899764635,
      "itl_p50_sec": 0.019691917004820425,
      "itl_p95_sec": 0.020054499997058883,
      "decode_sec": 1.5085632920017815,
      "e2e_sec": 18.942169832997024,
      "decode_tok_s": 42.424471243149156,
      "peak_memory_bytes": 20660500140,
      "sample_output_text": "  } } } } } } } } } } } } } } } } } } } } } } } } } } } } } } }"
    },
    {
      "seq_len": 8192,
      "decode_len": 64,
      "repeat": 2,
      "prefill_sec": 16.360624332999578,
      "ttft_sec": 0.1819415419959114,
      "itl_p50_sec": 0.01974220800184412,
      "itl_p95_sec": 0.02079554199735867,
      "decode_sec": 1.44463687499956,
      "e2e_sec": 17.805261207999138,
      "decode_tok_s": 44.30179037207498,
      "peak_memory_bytes": 20660500140,
      "sample_output_text": "  } } } } } } } } } } } } } } } } } } } } } } } } } } } } } } }"
    },
    {
      "seq_len": 8192,
      "decode_len": 64,
      "repeat": 3,
      "prefill_sec": 16.313848459001747,
      "ttft_sec": 0.2395839170058025,
      "itl_p50_sec": 0.019827292002446484,
      "itl_p95_sec": 0.020325167002738453,
      "decode_sec": 1.507479375002731,
      "e2e_sec": 17.821327834004478,
      "decode_tok_s": 42.45497554477921,
      "peak_memory_bytes": 20660500140,
      "sample_output_text": "  } } } } } } } } } } } } } } } } } } } } } } } } } } } } } } }"
    }
  ],
  "multi_turn": null,
  "quality": null
}