{
  "dense": {
    "correct": 3,
    "num_tasks": 6,
    "accuracy": 0.5
  },
  "wayfinder": {
    "correct": 2,
    "num_tasks": 6,
    "accuracy": 0.3333333333333333
  },
  "accuracy_delta": -0.16666666666666669
}