{
  "baseline_run_root": "/Volumes/VIXinSSD/wayfinder/benchmarks/mlx/post_reboot_20260211_20260211T202821Z",
  "diag_root": "/Volumes/VIXinSSD/wayfinder/benchmarks/mlx/post_reboot_20260211_20260211T202821Z/quality_drift_diag_20260211T204824Z",
  "repeatability_pairs": {
    "baseline_s42": {
      "dense": {
        "accuracy": 0.5,
        "correct": 3,
        "num_tasks": 6
      },
      "wayfinder": {
        "accuracy": 0.3333333333333333,
        "correct": 2,
        "num_tasks": 6
      },
      "drift": -0.16666666666666669,
      "drift_delta_vs_baseline": 0.0,
      "drift_delta_pct_vs_baseline": 0.0,
      "drift_pct_vs_dense": -33.333333333333336
    },
    "repeat_r1_s42": {
      "dense": {
        "accuracy": 0.5,
        "correct": 3,
        "num_tasks": 6
      },
      "wayfinder": {
        "accuracy": 0.3333333333333333,
        "correct": 2,
        "num_tasks": 6
      },
      "drift": -0.16666666666666669,
      "drift_delta_vs_baseline": 0.0,
      "drift_delta_pct_vs_baseline": 0.0,
      "drift_pct_vs_dense": -33.333333333333336
    },
    "repeat_r2_s42": {
      "dense": {
        "accuracy": 0.5,
        "correct": 3,
        "num_tasks": 6
      },
      "wayfinder": {
        "accuracy": 0.3333333333333333,
        "correct": 2,
        "num_tasks": 6
      },
      "drift": -0.16666666666666669,
      "drift_delta_vs_baseline": 0.0,
      "drift_delta_pct_vs_baseline": 0.0,
      "drift_pct_vs_dense": -33.333333333333336
    },
    "seed_s7": {
      "dense": {
        "accuracy": 0.5,
        "correct": 3,
        "num_tasks": 6
      },
      "wayfinder": {
        "accuracy": 0.3333333333333333,
        "correct": 2,
        "num_tasks": 6
      },
      "drift": -0.16666666666666669,
      "drift_delta_vs_baseline": 0.0,
      "drift_delta_pct_vs_baseline": 0.0,
      "drift_pct_vs_dense": -33.333333333333336
    }
  },
  "repeatability_aggregate": {
    "drifts": [
      -0.16666666666666669,
      -0.16666666666666669,
      -0.16666666666666669
    ],
    "mean": -0.16666666666666666,
    "std": 2.7755575615628914e-17,
    "min": -0.16666666666666669,
    "max": -0.16666666666666669
  },
  "seed_sensitivity": {
    "wayfinder_seed42_accuracy": 0.3333333333333333,
    "wayfinder_seed7_accuracy": 0.3333333333333333,
    "wayfinder_seed99_accuracy": 0.3333333333333333,
    "seed7_delta_vs_seed42": 0.0,
    "seed99_delta_vs_seed42": 0.0,
    "seed7_delta_pct_vs_seed42": 0.0,
    "seed99_delta_pct_vs_seed42": 0.0
  },
  "category_split": {
    "baseline": {
      "extract": {
        "dense_accuracy": 1.0,
        "wayfinder_accuracy": 0.5,
        "delta": -0.5,
        "delta_pct_vs_dense": -50.0,
        "n": 2
      },
      "lookup": {
        "dense_accuracy": 0.5,
        "wayfinder_accuracy": 0.5,
        "delta": 0.0,
        "delta_pct_vs_dense": 0.0,
        "n": 2
      },
      "math": {
        "dense_accuracy": 0.0,
        "wayfinder_accuracy": 0.0,
        "delta": 0.0,
        "delta_pct_vs_dense": null,
        "n": 2
      }
    },
    "pooled_fullset_diagnostics": {
      "extract": {
        "dense_accuracy": 1.0,
        "wayfinder_accuracy": 0.5,
        "delta": -0.5,
        "delta_pct_vs_dense": -50.0,
        "dense_n": 8,
        "wayfinder_n": 10
      },
      "lookup": {
        "dense_accuracy": 0.5,
        "wayfinder_accuracy": 0.5,
        "delta": 0.0,
        "delta_pct_vs_dense": 0.0,
        "dense_n": 8,
        "wayfinder_n": 10
      },
      "math": {
        "dense_accuracy": 0.0,
        "wayfinder_accuracy": 0.0,
        "delta": 0.0,
        "delta_pct_vs_dense": null,
        "dense_n": 8,
        "wayfinder_n": 10
      }
    }
  },
  "decode_controls_audit_path": "/Volumes/VIXinSSD/wayfinder/benchmarks/mlx/post_reboot_20260211_20260211T202821Z/quality_drift_diag_20260211T204824Z/decode_controls_audit.json",
  "nonmath_sanity": {
    "task_ids": [
      "extract-01",
      "extract-02",
      "lookup-01"
    ],
    "dense_accuracy": 1.0,
    "wayfinder_accuracy": 0.6666666666666666,
    "dense_correct": 3,
    "wayfinder_correct": 2,
    "num_tasks": 3,
    "drift": -0.33333333333333337,
    "drift_delta_vs_fullset_baseline": -0.16666666666666669,
    "drift_delta_pct_vs_fullset_baseline": -100.0
  },
  "long_context_gate": {
    "t8192": {
      "seq_len": 8192,
      "tokens_per_sec": {
        "dense_absolute": 21746.6254017649,
        "wayfinder_absolute": 102936.88015078002,
        "delta_vs_baseline": 81190.25474901512,
        "delta_pct_vs_baseline": 373.34645375565225
      },
      "peak_memory_bytes": {
        "dense_absolute": 3719072300.0,
        "wayfinder_absolute": 1186794032.0,
        "delta_vs_baseline": -2532278268.0,
        "delta_pct_vs_baseline": -68.08897659773918
      },
      "memory_reduction_pct": 68.08897659773918
    },
    "t32768_dense_oom_line": "[1/1] seq_len=32768 error: RuntimeError: [metal::malloc] Attempting to allocate 42949672960 bytes which is greater than the maximum allowed buffer size of 22613000192 bytes."
  }
}