{
  "pairs": {
    "baseline_s42": {
      "dense": {
        "accuracy": 0.5,
        "correct": 3,
        "num_tasks": 6
      },
      "wayfinder": {
        "accuracy": 0.3333333333333333,
        "correct": 2,
        "num_tasks": 6
      },
      "drift": -0.16666666666666669,
      "drift_delta_vs_baseline": 0.0,
      "drift_delta_pct_vs_baseline": 0.0,
      "drift_pct_vs_dense": -33.333333333333336
    },
    "repeat_r1_s42": {
      "dense": {
        "accuracy": 0.5,
        "correct": 3,
        "num_tasks": 6
      },
      "wayfinder": {
        "accuracy": 0.3333333333333333,
        "correct": 2,
        "num_tasks": 6
      },
      "drift": -0.16666666666666669,
      "drift_delta_vs_baseline": 0.0,
      "drift_delta_pct_vs_baseline": 0.0,
      "drift_pct_vs_dense": -33.333333333333336
    },
    "repeat_r2_s42": {
      "dense": {
        "accuracy": 0.5,
        "correct": 3,
        "num_tasks": 6
      },
      "wayfinder": {
        "accuracy": 0.3333333333333333,
        "correct": 2,
        "num_tasks": 6
      },
      "drift": -0.16666666666666669,
      "drift_delta_vs_baseline": 0.0,
      "drift_delta_pct_vs_baseline": 0.0,
      "drift_pct_vs_dense": -33.333333333333336
    },
    "seed_s7": {
      "dense": {
        "accuracy": 0.5,
        "correct": 3,
        "num_tasks": 6
      },
      "wayfinder": {
        "accuracy": 0.3333333333333333,
        "correct": 2,
        "num_tasks": 6
      },
      "drift": -0.16666666666666669,
      "drift_delta_vs_baseline": 0.0,
      "drift_delta_pct_vs_baseline": 0.0,
      "drift_pct_vs_dense": -33.333333333333336
    }
  },
  "aggregate": {
    "drifts": [
      -0.16666666666666669,
      -0.16666666666666669,
      -0.16666666666666669
    ],
    "mean": -0.16666666666666666,
    "std": 2.7755575615628914e-17,
    "min": -0.16666666666666669,
    "max": -0.16666666666666669
  },
  "seed_sensitivity": {
    "wayfinder_seed42_accuracy": 0.3333333333333333,
    "wayfinder_seed7_accuracy": 0.3333333333333333,
    "wayfinder_seed99_accuracy": 0.3333333333333333,
    "seed7_delta_vs_seed42": 0.0,
    "seed99_delta_vs_seed42": 0.0,
    "seed7_delta_pct_vs_seed42": 0.0,
    "seed99_delta_pct_vs_seed42": 0.0
  }
}