{
  "created_at": "2026-02-08T20:50:18.305564+00:00",
  "command": "scripts/bench_mlx_wayfinder_scale.py --seq-lens 2048 4096 --batch 2 --heads 4 --embd 128 --window 32 --landmark-stride 32 --warmup 2 --iters 4 --strategy regular_partition --regular-num-clusters 8 --num-cycles 1 --out-dir /Volumes/VIXinSSD/wayfinder/benchmarks/mlx/e2e_validation_20260208_192216/tiebreak_idea5_reg8",
  "config": {
    "seq_lens": [
      2048,
      4096
    ],
    "batch": 2,
    "heads": 4,
    "embd": 128,
    "window": 32,
    "landmark_stride": 32,
    "num_cycles": 1,
    "strategy": "regular_partition",
    "regular_num_clusters": 8,
    "warmup": 2,
    "iters": 4,
    "graph_spec": null
  },
  "attention": [
    {
      "mode": "dense",
      "batch": 2,
      "heads": 4,
      "seq_len": 2048,
      "embd": 128,
      "tokens_per_sec": 1329708.2282401859,
      "tokens_per_sec_mean": 1341426.6776250862,
      "tokens_per_sec_std": 128522.19889612439,
      "total_ms": 3.080375012359582,
      "attention_ms": 3.080375012359582,
      "permute_ms": 0.0,
      "graph_build_ms_first": 0.0,
      "graph_build_ms_cached": 0.0,
      "cache_hit_rate": 0.0,
      "peak_memory_bytes": 156516384,
      "persistent_cache_bytes": 0,
      "step_intermediate_bytes": 156516384,
      "largest_intermediate_bytes_proxy": 134217728,
      "memory_proxy": {
        "scores_fp32": 134217728,
        "weights_fp32": 134217728,
        "largest": 134217728
      }
    },
    {
      "mode": "wayfinder_sparse",
      "batch": 2,
      "heads": 4,
      "seq_len": 2048,
      "embd": 128,
      "tokens_per_sec": 473697.1460396398,
      "tokens_per_sec_mean": 472849.42184203694,
      "tokens_per_sec_std": 2302.734639571717,
      "total_ms": 8.646874979604036,
      "attention_ms": 0.06954149901866913,
      "permute_ms": 0.0,
      "graph_build_ms_first": 188.7246670126915,
      "graph_build_ms_cached": 0.0022704899311065674,
      "cache_hit_rate": 1.0,
      "peak_memory_bytes": 483426628,
      "persistent_cache_bytes": 11354112,
      "step_intermediate_bytes": 472072516,
      "largest_intermediate_bytes_proxy": 102760448,
      "memory_proxy": {
        "kv_gather": 102760448,
        "scores_fp32": 6422528,
        "weights_fp32": 6422528,
        "largest": 102760448
      }
    },
    {
      "mode": "wayfinder_permute",
      "batch": 2,
      "heads": 4,
      "seq_len": 2048,
      "embd": 128,
      "tokens_per_sec": 2398857.4927143333,
      "tokens_per_sec_mean": 2389767.3142612837,
      "tokens_per_sec_std": 31804.721302072787,
      "total_ms": 1.7074795032385737,
      "attention_ms": 1.484166994690895,
      "permute_ms": 1.4839584827423096,
      "graph_build_ms_first": 173.9355410039425,
      "graph_build_ms_cached": 0.0014375001192092896,
      "cache_hit_rate": 1.0,
      "peak_memory_bytes": 67258324,
      "persistent_cache_bytes": 11354112,
      "step_intermediate_bytes": 55904212,
      "largest_intermediate_bytes_proxy": 102760448,
      "memory_proxy": {
        "kv_gather": 102760448,
        "scores_fp32": 6422528,
        "weights_fp32": 6422528,
        "largest": 102760448
      }
    },
    {
      "mode": "dense",
      "batch": 2,
      "heads": 4,
      "seq_len": 4096,
      "embd": 128,
      "tokens_per_sec": 805962.1115072776,
      "tokens_per_sec_mean": 804646.1467405558,
      "tokens_per_sec_std": 4463.0647080438675,
      "total_ms": 10.164249513763934,
      "attention_ms": 10.164249513763934,
      "permute_ms": 0.0,
      "graph_build_ms_first": 0.0,
      "graph_build_ms_cached": 0.0,
      "cache_hit_rate": 0.0,
      "peak_memory_bytes": 601096236,
      "persistent_cache_bytes": 0,
      "step_intermediate_bytes": 601096236,
      "largest_intermediate_bytes_proxy": 536870912,
      "memory_proxy": {
        "scores_fp32": 536870912,
        "weights_fp32": 536870912,
        "largest": 536870912
      }
    },
    {
      "mode": "wayfinder_sparse",
      "batch": 2,
      "heads": 4,
      "seq_len": 4096,
      "embd": 128,
      "tokens_per_sec": 296155.9306969308,
      "tokens_per_sec_mean": 296208.6834540748,
      "tokens_per_sec_std": 175.93723728898044,
      "total_ms": 27.66110400261823,
      "attention_ms": 0.0625,
      "permute_ms": 0.0,
      "graph_build_ms_first": 485.67670798301697,
      "graph_build_ms_cached": 0.0018545091152191162,
      "cache_hit_rate": 1.0,
      "peak_memory_bytes": 1552466244,
      "persistent_cache_bytes": 33193984,
      "step_intermediate_bytes": 1519272260,
      "largest_intermediate_bytes_proxy": 339738624,
      "memory_proxy": {
        "kv_gather": 339738624,
        "scores_fp32": 21233664,
        "weights_fp32": 21233664,
        "largest": 339738624
      }
    },
    {
      "mode": "wayfinder_permute",
      "batch": 2,
      "heads": 4,
      "seq_len": 4096,
      "embd": 128,
      "tokens_per_sec": 3190626.3003067826,
      "tokens_per_sec_mean": 3256624.6952277706,
      "tokens_per_sec_std": 646586.704229492,
      "total_ms": 2.5675209908513352,
      "attention_ms": 2.320646494626999,
      "permute_ms": 2.3203535079956055,
      "graph_build_ms_first": 489.9060840010643,
      "graph_build_ms_cached": 0.0015000104904174805,
      "cache_hit_rate": 1.0,
      "peak_memory_bytes": 144986324,
      "persistent_cache_bytes": 33193984,
      "step_intermediate_bytes": 111792340,
      "largest_intermediate_bytes_proxy": 339738624,
      "memory_proxy": {
        "kv_gather": 339738624,
        "scores_fp32": 21233664,
        "weights_fp32": 21233664,
        "largest": 339738624
      }
    }
  ],
  "block": [
    {
      "mode": "dense",
      "seq_len": 2048,
      "block_tokens_per_sec": 1275292.374129996,
      "block_latency_ms": 3.2118125091074035,
      "block_peak_memory_bytes": 177253420,
      "block_persistent_cache_bytes": 0,
      "block_step_intermediate_bytes": 177253420
    },
    {
      "mode": "wayfinder_sparse",
      "seq_len": 2048,
      "block_tokens_per_sec": 453432.7801979555,
      "block_latency_ms": 9.033312497194856,
      "block_peak_memory_bytes": 504163652,
      "block_persistent_cache_bytes": 11354112,
      "block_step_intermediate_bytes": 492809540
    },
    {
      "mode": "wayfinder_permute",
      "seq_len": 2048,
      "block_tokens_per_sec": 1499576.6859987862,
      "block_latency_ms": 2.731437503825873,
      "block_peak_memory_bytes": 75412436,
      "block_persistent_cache_bytes": 11354112,
      "block_step_intermediate_bytes": 64058324
    },
    {
      "mode": "dense",
      "seq_len": 4096,
      "block_tokens_per_sec": 749116.9619853935,
      "block_latency_ms": 10.93554199906066,
      "block_peak_memory_bytes": 641780780,
      "block_persistent_cache_bytes": 0,
      "block_step_intermediate_bytes": 641780780
    },
    {
      "mode": "wayfinder_sparse",
      "seq_len": 4096,
      "block_tokens_per_sec": 287990.3659207539,
      "block_latency_ms": 28.445395990274847,
      "block_peak_memory_bytes": 1582419156,
      "block_persistent_cache_bytes": 33193984,
      "block_step_intermediate_bytes": 1549225172
    },
    {
      "mode": "wayfinder_permute",
      "seq_len": 4096,
      "block_tokens_per_sec": 2581106.1893552016,
      "block_latency_ms": 3.1738329998916015,
      "block_peak_memory_bytes": 160505044,
      "block_persistent_cache_bytes": 33193984,
      "block_step_intermediate_bytes": 127311060
    }
  ]
}