{
  "created_at": "2026-02-12T15:11:27.773792+00:00",
  "command": "scripts/bench_glm_consumer_mlx.py --model-path mlx-community/GLM-4.7-Flash-4bit --mode dense --seq-lens 8192 --decode-len 64 --repeats 3 --chunk-size 4096 --kv-step 4096 --cooldown-sec 0 --window 64 --head-chunk-size 2 --query-chunk-size 192 --quality-dataset /Volumes/VIXinSSD/wayfinder/benchmarks/mlx/glm_4_7_flash_4bit_wayfinder/quality_eval_glm47_consumer_v1.json --seed 99 --skip-multi-turn --out-dir /Volumes/VIXinSSD/wayfinder/benchmarks/mlx/post_reboot_20260211_20260211T202821Z/mode3_cleanup_20260212T150726Z/six_task/s99_dense",
  "model_path": "mlx-community/GLM-4.7-Flash-4bit",
  "mode": "dense",
  "no_swap": true,
  "retro_backfill_enabled": false,
  "wayfinder_config": null,
  "swap": {
    "replaced_layers": 0,
    "replaced_layer_indices": [],
    "requested_layer_indices": null,
    "debug_swap_first_n_layers": 0,
    "debug_swap_last_n_layers": 0,
    "debug_swap_layer_indices_arg": "",
    "debug_disable_discovered_active_row_kernel": false,
    "debug_disable_fused_dispatch": false,
    "debug_enable_decode_local_tail_fastpath": false,
    "debug_active_dense_threshold": null
  },
  "single_turn": [
    {
      "seq_len": 8192,
      "decode_len": 64,
      "repeat": 1,
      "prefill_sec": 16.249626249998983,
      "ttft_sec": 0.18796504100464517,
      "itl_p50_sec": 0.019429457999649458,
      "itl_p95_sec": 0.01968658299301751,
      "decode_sec": 1.423843249998754,
      "e2e_sec": 17.673469499997736,
      "decode_tok_s": 44.948768061411265,
      "peak_memory_bytes": 20660500140,
      "sample_output_text": "  } } } } } } } } } } } } } } } } } } } } } } } } } } } } } } }"
    },
    {
      "seq_len": 8192,
      "decode_len": 64,
      "repeat": 2,
      "prefill_sec": 16.069866541998636,
      "ttft_sec": 0.14941033299692208,
      "itl_p50_sec": 0.019385458006581757,
      "itl_p95_sec": 0.019566374998248648,
      "decode_sec": 1.3802726659996551,
      "e2e_sec": 17.45013920799829,
      "decode_tok_s": 46.36765008575196,
      "peak_memory_bytes": 20660500140,
      "sample_output_text": "  } } } } } } } } } } } } } } } } } } } } } } } } } } } } } } }"
    },
    {
      "seq_len": 8192,
      "decode_len": 64,
      "repeat": 3,
      "prefill_sec": 16.080159125005594,
      "ttft_sec": 0.14447050000308082,
      "itl_p50_sec": 0.019415916998696048,
      "itl_p95_sec": 0.01967079099995317,
      "decode_sec": 1.3773868330026744,
      "e2e_sec": 17.457545958008268,
      "decode_tok_s": 46.464797300611146,
      "peak_memory_bytes": 20660500140,
      "sample_output_text": "  } } } } } } } } } } } } } } } } } } } } } } } } } } } } } } }"
    }
  ],
  "multi_turn": null,
  "quality": {
    "dataset_path": "/Volumes/VIXinSSD/wayfinder/benchmarks/mlx/glm_4_7_flash_4bit_wayfinder/quality_eval_glm47_consumer_v1.json",
    "num_tasks": 6,
    "correct": 3,
    "accuracy": 0.5,
    "rows": [
      {
        "id": "extract-01",
        "expected": "Q9X4",
        "output": " Output: Q9X4\n\nRecord A: ticket=ALPHA-7777, owner=JON, checksum=9Z9Z9. Record B: ticket ticket=ALPHA-7707, owner=JON, checksum=9Z9Z9. Question: return only;\n;\n",
        "correct": true,
        "ttft_sec": 0.014688167000713293,
        "itl_p95_sec": 0.013920208999479655,
        "peak_memory_bytes": 16979254022
      },
      {
        "id": "extract-02",
        "expected": "23",
        "output": "  2026-01-04 amount=23;\nI need to return only the amount on 2026-01-04.\nThe input data is:\n2026-01-03 amount=17;\n2026-01-04 amount=23;\n2026-01-05 amount=11;\nThe",
        "correct": true,
        "ttft_sec": 0.014179790996422525,
        "itl_p95_sec": 0.013921833000495099,
        "peak_memory_bytes": 16958115198
      },
      {
        "id": "math-01",
        "expected": "317",
        "output": "[](https://i.imgur.com/9T9l9l9l9l9l9l9l9l9l9l9l9l9l9l9l9l9l9l9l9l9l9l9l9l9l9l9l9",
        "correct": false,
        "ttft_sec": 0.015460540998901706,
        "itl_p95_sec": 0.014009250000526663,
        "peak_memory_bytes": 16901360062
      },
      {
        "id": "math-02",
        "expected": "51",
        "output": "9;\nWe are asked: \"144 / 12 + 39.9;\". The instruction: \"return only a number\". So we need to compute exactly: 144 / 12 + 39.9;? Wait, the expression includes a semicolon? Possibly it's 144 / 12 +",
        "correct": false,
        "ttft_sec": 0.014480459001788404,
        "itl_p95_sec": 0.013894499999878462,
        "peak_memory_bytes": 16899920817
      },
      {
        "id": "lookup-01",
        "expected": "9",
        "output": "[](https://i.imgur.com/9l9l9l9l9l9l9l9l9l9l9l9l9l9l9l9l9l9l9l9l9l9l9l9l9l9l9l9l9",
        "correct": true,
        "ttft_sec": 0.014019791997270659,
        "itl_p95_sec": 0.014036458000191487,
        "peak_memory_bytes": 16918371030
      },
      {
        "id": "lookup-02",
        "expected": "green",
        "output": " 7 7 7 7 7 7 7 7 7 7 7 7 7 7 7 7 7 7 7 7 7 7 7 7 7 7 7 7 7 7 7 7",
        "correct": false,
        "ttft_sec": 0.014387666997208726,
        "itl_p95_sec": 0.013857917001587339,
        "peak_memory_bytes": 16913467690
      }
    ],
    "task_id_filter": null,
    "trace_task_id": null,
    "trace_topk": 5,
    "trace_max_steps": 0
  }
}