{
  "created_at": "2026-02-12T02:07:38.649799+00:00",
  "command": "scripts/bench_glm_consumer_mlx.py --model-path mlx-community/GLM-4.7-Flash-4bit --seq-lens 8192 --decode-len 64 --repeats 3 --chunk-size 4096 --kv-step 4096 --cooldown-sec 0 --path permute --window 64 --landmark-stride 0 --head-chunk-size 2 --query-chunk-size 192 --skip-multi-turn --quality-dataset benchmarks/mlx/glm_4_7_flash_4bit_wayfinder/quality_eval_glm47_consumer_v1.json --seed 7 --no-swap --out-dir benchmarks/mlx/post_reboot_20260211_20260211T202821Z/last4_confirmation_gate_20260212T013118Z/s7_dense",
  "model_path": "mlx-community/GLM-4.7-Flash-4bit",
  "no_swap": true,
  "retro_backfill_enabled": false,
  "wayfinder_config": null,
  "swap": {
    "replaced_layers": 0,
    "replaced_layer_indices": [],
    "requested_layer_indices": null,
    "swap_first_n_layers": 0,
    "swap_last_n_layers": 0,
    "swap_layer_indices_arg": "",
    "disable_discovered_active_row_kernel": false,
    "disable_fused_dispatch": false
  },
  "single_turn": [
    {
      "seq_len": 8192,
      "decode_len": 64,
      "repeat": 1,
      "prefill_sec": 16.153677791000064,
      "ttft_sec": 0.11366662499995073,
      "itl_p50_sec": 0.019435749999956897,
      "itl_p95_sec": 0.01961341700007324,
      "decode_sec": 1.345068208000157,
      "e2e_sec": 17.49874599900022,
      "decode_tok_s": 47.58123017059112,
      "peak_memory_bytes": 20660500140,
      "sample_output_text": "  } } } } } } } } } } } } } } } } } } } } } } } } } } } } } } }"
    },
    {
      "seq_len": 8192,
      "decode_len": 64,
      "repeat": 2,
      "prefill_sec": 16.151974875000178,
      "ttft_sec": 0.11566712499984533,
      "itl_p50_sec": 0.01939837500003705,
      "itl_p95_sec": 0.019657166000115467,
      "decode_sec": 1.3470489579999594,
      "e2e_sec": 17.499023833000138,
      "decode_tok_s": 47.51126499145544,
      "peak_memory_bytes": 20660500140,
      "sample_output_text": "  } } } } } } } } } } } } } } } } } } } } } } } } } } } } } } }"
    },
    {
      "seq_len": 8192,
      "decode_len": 64,
      "repeat": 3,
      "prefill_sec": 16.150655041999926,
      "ttft_sec": 0.10916037500010134,
      "itl_p50_sec": 0.019308708000153274,
      "itl_p95_sec": 0.019525458000089202,
      "decode_sec": 1.3345940829999563,
      "e2e_sec": 17.485249124999882,
      "decode_tok_s": 47.95465588768244,
      "peak_memory_bytes": 20660500140,
      "sample_output_text": "  } } } } } } } } } } } } } } } } } } } } } } } } } } } } } } }"
    }
  ],
  "multi_turn": null,
  "quality": {
    "dataset_path": "benchmarks/mlx/glm_4_7_flash_4bit_wayfinder/quality_eval_glm47_consumer_v1.json",
    "num_tasks": 6,
    "correct": 3,
    "accuracy": 0.5,
    "rows": [
      {
        "id": "extract-01",
        "expected": "Q9X4",
        "output": " Output: Q9X4\n\nRecord A: ticket=ALPHA-7777, owner=JON, checksum=9Z9Z9. Record B: ticket ticket=ALPHA-7707, owner=JON, checksum=9Z9Z9. Question: return only;\n;\n",
        "correct": true,
        "ttft_sec": 0.015957249999928536,
        "itl_p95_sec": 0.013857583000117302,
        "peak_memory_bytes": 16979254022
      },
      {
        "id": "extract-02",
        "expected": "23",
        "output": "  2026-01-04 amount=23;\nI need to return only the amount on 2026-01-04.\nThe input data is:\n2026-01-03 amount=17;\n2026-01-04 amount=23;\n2026-01-05 amount=11;\nThe",
        "correct": true,
        "ttft_sec": 0.01446104199999354,
        "itl_p95_sec": 0.013767250000000786,
        "peak_memory_bytes": 16958115861
      },
      {
        "id": "math-01",
        "expected": "317",
        "output": "[](https://i.imgur.com/9T9l9l9l9l9l9l9l9l9l9l9l9l9l9l9l9l9l9l9l9l9l9l9l9l9l9l9l9",
        "correct": false,
        "ttft_sec": 0.01427258399985476,
        "itl_p95_sec": 0.01383491700016748,
        "peak_memory_bytes": 16901376446
      },
      {
        "id": "math-02",
        "expected": "51",
        "output": "9;\nWe are asked: \"144 / 12 + 39.9;\". The instruction: \"return only a number\". So we need to compute exactly: 144 / 12 + 39.9;? Wait, the expression includes a semicolon? Possibly it's 144 / 12 +",
        "correct": false,
        "ttft_sec": 0.014235416999781592,
        "itl_p95_sec": 0.013812082999947961,
        "peak_memory_bytes": 16899937218
      },
      {
        "id": "lookup-01",
        "expected": "9",
        "output": "[](https://i.imgur.com/9l9l9l9l9l9l9l9l9l9l9l9l9l9l9l9l9l9l9l9l9l9l9l9l9l9l9l9l9",
        "correct": true,
        "ttft_sec": 0.014285666999967361,
        "itl_p95_sec": 0.01377954199983833,
        "peak_memory_bytes": 16918337926
      },
      {
        "id": "lookup-02",
        "expected": "green",
        "output": " 7 7 7 7 7 7 7 7 7 7 7 7 7 7 7 7 7 7 7 7 7 7 7 7 7 7 7 7 7 7 7 7",
        "correct": false,
        "ttft_sec": 0.013957375000018146,
        "itl_p95_sec": 0.013894666000169309,
        "peak_memory_bytes": 16913467690
      }
    ],
    "task_id_filter": null,
    "trace_task_id": null,
    "trace_topk": 5,
    "trace_max_steps": 0
  }
}