{
  "created_at": "2026-02-07T16:37:58.682835+00:00",
  "command": "scripts/bench_mlx_wayfinder_scale.py --seq-lens 256 512 1024 2048 4096 --batch 2 --heads 4 --embd 128 --window 32 --landmark-stride 32 --warmup 2 --iters 4 --out-dir benchmarks/mlx/tiny_wayfinder/20260207_tiny_readme_repro_topology",
  "config": {
    "seq_lens": [
      256,
      512,
      1024,
      2048,
      4096
    ],
    "batch": 2,
    "heads": 4,
    "embd": 128,
    "window": 32,
    "landmark_stride": 32,
    "num_cycles": 1,
    "strategy": "random",
    "warmup": 2,
    "iters": 4,
    "graph_spec": null
  },
  "attention": [
    {
      "mode": "dense",
      "batch": 2,
      "heads": 4,
      "seq_len": 256,
      "embd": 128,
      "tokens_per_sec": 1283745.3300383342,
      "tokens_per_sec_mean": 1234354.9334879718,
      "tokens_per_sec_std": 102624.93696457199,
      "total_ms": 0.3988329990534112,
      "attention_ms": 0.3988329990534112,
      "permute_ms": 0.0,
      "graph_build_ms_first": 0.0,
      "graph_build_ms_cached": 0.0,
      "cache_hit_rate": 0.0,
      "peak_memory_bytes": 10700836,
      "persistent_cache_bytes": 0,
      "step_intermediate_bytes": 10700836,
      "largest_intermediate_bytes_proxy": 2097152,
      "memory_proxy": {
        "scores_fp32": 2097152,
        "weights_fp32": 2097152,
        "largest": 2097152
      }
    },
    {
      "mode": "wayfinder_sparse",
      "batch": 2,
      "heads": 4,
      "seq_len": 256,
      "embd": 128,
      "tokens_per_sec": 408347.67831364914,
      "tokens_per_sec_mean": 443327.34422077413,
      "tokens_per_sec_std": 65335.62945518444,
      "total_ms": 1.253833503142232,
      "attention_ms": 0.08372900262475014,
      "permute_ms": 0.0,
      "graph_build_ms_first": 19.570583000779152,
      "graph_build_ms_cached": 0.002312496304512024,
      "cache_hit_rate": 1.0,
      "peak_memory_bytes": 28297540,
      "persistent_cache_bytes": 837632,
      "step_intermediate_bytes": 27459908,
      "largest_intermediate_bytes_proxy": 5505024,
      "memory_proxy": {
        "kv_gather": 5505024,
        "scores_fp32": 344064,
        "weights_fp32": 344064,
        "largest": 5505024
      }
    },
    {
      "mode": "wayfinder_permute",
      "batch": 2,
      "heads": 4,
      "seq_len": 256,
      "embd": 128,
      "tokens_per_sec": 470227.7848407878,
      "tokens_per_sec_mean": 470104.330646547,
      "tokens_per_sec_std": 7760.227595147222,
      "total_ms": 1.088834000256611,
      "attention_ms": 0.09452049434185028,
      "permute_ms": 0.0,
      "graph_build_ms_first": 15.619833000004292,
      "graph_build_ms_cached": 0.002166997641324997,
      "cache_hit_rate": 1.0,
      "peak_memory_bytes": 44647012,
      "persistent_cache_bytes": 837632,
      "step_intermediate_bytes": 43809380,
      "largest_intermediate_bytes_proxy": 5505024,
      "memory_proxy": {
        "kv_gather": 5505024,
        "scores_fp32": 344064,
        "weights_fp32": 344064,
        "largest": 5505024
      }
    },
    {
      "mode": "dense",
      "batch": 2,
      "heads": 4,
      "seq_len": 512,
      "embd": 128,
      "tokens_per_sec": 1912678.035009224,
      "tokens_per_sec_mean": 1930697.229241913,
      "tokens_per_sec_std": 144922.8142542704,
      "total_ms": 0.5353749984351452,
      "attention_ms": 0.5353749984351452,
      "permute_ms": 0.0,
      "graph_build_ms_first": 0.0,
      "graph_build_ms_cached": 0.0,
      "cache_hit_rate": 0.0,
      "peak_memory_bytes": 42504244,
      "persistent_cache_bytes": 0,
      "step_intermediate_bytes": 42504244,
      "largest_intermediate_bytes_proxy": 8388608,
      "memory_proxy": {
        "scores_fp32": 8388608,
        "weights_fp32": 8388608,
        "largest": 8388608
      }
    },
    {
      "mode": "wayfinder_sparse",
      "batch": 2,
      "heads": 4,
      "seq_len": 512,
      "embd": 128,
      "tokens_per_sec": 628992.6282966376,
      "tokens_per_sec_mean": 615723.4338132703,
      "tokens_per_sec_std": 38845.47742216461,
      "total_ms": 1.6280000018014107,
      "attention_ms": 0.0810835063457489,
      "permute_ms": 0.0,
      "graph_build_ms_first": 76.34245800226927,
      "graph_build_ms_cached": 0.002728499472141266,
      "cache_hit_rate": 1.0,
      "peak_memory_bytes": 68493636,
      "persistent_cache_bytes": 1839104,
      "step_intermediate_bytes": 66654532,
      "largest_intermediate_bytes_proxy": 13107200,
      "memory_proxy": {
        "kv_gather": 13107200,
        "scores_fp32": 819200,
        "weights_fp32": 819200,
        "largest": 13107200
      }
    },
    {
      "mode": "wayfinder_permute",
      "batch": 2,
      "heads": 4,
      "seq_len": 512,
      "embd": 128,
      "tokens_per_sec": 350644.88356366,
      "tokens_per_sec_mean": 357392.38057083666,
      "tokens_per_sec_std": 35109.49809408316,
      "total_ms": 2.9203334997873753,
      "attention_ms": 0.11077050119638443,
      "permute_ms": 0.0,
      "graph_build_ms_first": 31.40012499690056,
      "graph_build_ms_cached": 0.0038750022649765015,
      "cache_hit_rate": 1.0,
      "peak_memory_bytes": 89891428,
      "persistent_cache_bytes": 1839104,
      "step_intermediate_bytes": 88052324,
      "largest_intermediate_bytes_proxy": 13107200,
      "memory_proxy": {
        "kv_gather": 13107200,
        "scores_fp32": 819200,
        "weights_fp32": 819200,
        "largest": 13107200
      }
    },
    {
      "mode": "dense",
      "batch": 2,
      "heads": 4,
      "seq_len": 1024,
      "embd": 128,
      "tokens_per_sec": 958894.8730500875,
      "tokens_per_sec_mean": 988108.2009030443,
      "tokens_per_sec_std": 79659.06399091484,
      "total_ms": 2.1357920013542753,
      "attention_ms": 2.1357920013542753,
      "permute_ms": 0.0,
      "graph_build_ms_first": 0.0,
      "graph_build_ms_cached": 0.0,
      "cache_hit_rate": 0.0,
      "peak_memory_bytes": 151093292,
      "persistent_cache_bytes": 0,
      "step_intermediate_bytes": 151093292,
      "largest_intermediate_bytes_proxy": 33554432,
      "memory_proxy": {
        "scores_fp32": 33554432,
        "weights_fp32": 33554432,
        "largest": 33554432
      }
    },
    {
      "mode": "wayfinder_sparse",
      "batch": 2,
      "heads": 4,
      "seq_len": 1024,
      "embd": 128,
      "tokens_per_sec": 518136.6812881534,
      "tokens_per_sec_mean": 513537.45060837734,
      "tokens_per_sec_std": 17782.738838973295,
      "total_ms": 3.9526250002381857,
      "attention_ms": 0.08495849743485451,
      "permute_ms": 0.0,
      "graph_build_ms_first": 93.31291700154543,
      "graph_build_ms_cached": 0.00429149717092514,
      "cache_hit_rate": 1.0,
      "peak_memory_bytes": 172263748,
      "persistent_cache_bytes": 4333568,
      "step_intermediate_bytes": 167930180,
      "largest_intermediate_bytes_proxy": 34603008,
      "memory_proxy": {
        "kv_gather": 34603008,
        "scores_fp32": 2162688,
        "weights_fp32": 2162688,
        "largest": 34603008
      }
    },
    {
      "mode": "wayfinder_permute",
      "batch": 2,
      "heads": 4,
      "seq_len": 1024,
      "embd": 128,
      "tokens_per_sec": 566851.7658819626,
      "tokens_per_sec_mean": 558051.1903189762,
      "tokens_per_sec_std": 18519.613012305395,
      "total_ms": 3.612937496654922,
      "attention_ms": 0.13843749836087227,
      "permute_ms": 0.0,
      "graph_build_ms_first": 69.96949999779463,
      "graph_build_ms_cached": 0.005083002150058746,
      "cache_hit_rate": 1.0,
      "peak_memory_bytes": 173525604,
      "persistent_cache_bytes": 4333568,
      "step_intermediate_bytes": 169192036,
      "largest_intermediate_bytes_proxy": 34603008,
      "memory_proxy": {
        "kv_gather": 34603008,
        "scores_fp32": 2162688,
        "weights_fp32": 2162688,
        "largest": 34603008
      }
    },
    {
      "mode": "dense",
      "batch": 2,
      "heads": 4,
      "seq_len": 2048,
      "embd": 128,
      "tokens_per_sec": 493769.08851914783,