{
  "created_at": "2026-02-07T16:58:08.291487+00:00",
  "command": "scripts/bench_mlx_wayfinder_scale.py --seq-lens 256 512 1024 2048 4096 --batch 2 --heads 4 --embd 128 --window 32 --landmark-stride 32 --warmup 2 --iters 6 --out-dir benchmarks/mlx/tiny_wayfinder/20260207_tiny_batched_gate_mlx306_sdpa_dense",
  "config": {
    "seq_lens": [
      256,
      512,
      1024,
      2048,
      4096
    ],
    "batch": 2,
    "heads": 4,
    "embd": 128,
    "window": 32,
    "landmark_stride": 32,
    "num_cycles": 1,
    "strategy": "random",
    "warmup": 2,
    "iters": 6,
    "graph_spec": null
  },
  "attention": [
    {
      "mode": "dense",
      "batch": 2,
      "heads": 4,
      "seq_len": 256,
      "embd": 128,
      "tokens_per_sec": 1586671.9562161819,
      "tokens_per_sec_mean": 1479004.5487558413,
      "tokens_per_sec_std": 219652.0390409119,
      "total_ms": 0.32268799986923113,
      "attention_ms": 0.32268799986923113,
      "permute_ms": 0.0,
      "graph_build_ms_first": 0.0,
      "graph_build_ms_cached": 0.0,
      "cache_hit_rate": 0.0,
      "peak_memory_bytes": 4655144,
      "persistent_cache_bytes": 0,
      "step_intermediate_bytes": 4655144,
      "largest_intermediate_bytes_proxy": 2097152,
      "memory_proxy": {
        "scores_fp32": 2097152,
        "weights_fp32": 2097152,
        "largest": 2097152
      }
    },
    {
      "mode": "wayfinder_sparse",
      "batch": 2,
      "heads": 4,
      "seq_len": 256,
      "embd": 128,
      "tokens_per_sec": 427111.3969111981,
      "tokens_per_sec_mean": 401344.71600108495,
      "tokens_per_sec_std": 87049.36230569339,
      "total_ms": 1.198750498588197,
      "attention_ms": 0.07616650313138962,
      "permute_ms": 0.0,
      "graph_build_ms_first": 19.83475000411272,
      "graph_build_ms_cached": 0.001999996602535248,
      "cache_hit_rate": 1.0,
      "peak_memory_bytes": 28305732,
      "persistent_cache_bytes": 845824,
      "step_intermediate_bytes": 27459908,
      "largest_intermediate_bytes_proxy": 5505024,
      "memory_proxy": {
        "kv_gather": 5505024,
        "scores_fp32": 344064,
        "weights_fp32": 344064,
        "largest": 5505024
      }
    },
    {
      "mode": "wayfinder_permute",
      "batch": 2,
      "heads": 4,
      "seq_len": 256,
      "embd": 128,
      "tokens_per_sec": 1016377.1757890361,
      "tokens_per_sec_mean": 991888.1039306091,
      "tokens_per_sec_std": 68422.92113241539,
      "total_ms": 0.5037499977333937,
      "attention_ms": 0.3518964983522892,
      "permute_ms": 0.3516875021159649,
      "graph_build_ms_first": 17.55333299934864,
      "graph_build_ms_cached": 0.001021500676870346,
      "cache_hit_rate": 1.0,
      "peak_memory_bytes": 13982828,
      "persistent_cache_bytes": 845824,
      "step_intermediate_bytes": 13137004,
      "largest_intermediate_bytes_proxy": 5505024,
      "memory_proxy": {
        "kv_gather": 5505024,
        "scores_fp32": 344064,
        "weights_fp32": 344064,
        "largest": 5505024
      }
    },
    {
      "mode": "dense",
      "batch": 2,
      "heads": 4,
      "seq_len": 512,
      "embd": 128,
      "tokens_per_sec": 3168645.268983485,
      "tokens_per_sec_mean": 2999111.5901134675,
      "tokens_per_sec_std": 398985.6890489271,
      "total_ms": 0.3231664995837491,
      "attention_ms": 0.3231664995837491,
      "permute_ms": 0.0,
      "graph_build_ms_first": 0.0,
      "graph_build_ms_cached": 0.0,
      "cache_hit_rate": 0.0,
      "peak_memory_bytes": 14487604,
      "persistent_cache_bytes": 0,
      "step_intermediate_bytes": 14487604,
      "largest_intermediate_bytes_proxy": 8388608,
      "memory_proxy": {
        "scores_fp32": 8388608,
        "weights_fp32": 8388608,
        "largest": 8388608
      }
    },
    {
      "mode": "wayfinder_sparse",
      "batch": 2,
      "heads": 4,
      "seq_len": 512,
      "embd": 128,
      "tokens_per_sec": 713878.8783720192,
      "tokens_per_sec_mean": 700822.9077876452,
      "tokens_per_sec_std": 37413.886798053674,
      "total_ms": 1.4344170012918767,
      "attention_ms": 0.07010450214147568,
      "permute_ms": 0.0,
      "graph_build_ms_first": 34.454958006739616,
      "graph_build_ms_cached": 0.001603495329618454,
      "cache_hit_rate": 1.0,
      "peak_memory_bytes": 65148228,
      "persistent_cache_bytes": 1855488,
      "step_intermediate_bytes": 63292740,
      "largest_intermediate_bytes_proxy": 13107200,
      "memory_proxy": {
        "kv_gather": 13107200,
        "scores_fp32": 819200,
        "weights_fp32": 819200,
        "largest": 13107200
      }
    },
    {
      "mode": "wayfinder_permute",
      "batch": 2,
      "heads": 4,
      "seq_len": 512,
      "embd": 128,
      "tokens_per_sec": 1341594.2693563376,
      "tokens_per_sec_mean": 1295528.7341521296,
      "tokens_per_sec_std": 155655.295958389,
      "total_ms": 0.7632710003235843,
      "attention_ms": 0.570167001336813,
      "permute_ms": 0.5698539987206459,
      "graph_build_ms_first": 35.04866699874401,
      "graph_build_ms_cached": 0.00231199711561203,
      "cache_hit_rate": 1.0,
      "peak_memory_bytes": 30261380,
      "persistent_cache_bytes": 1855488,
      "step_intermediate_bytes": 28405892,
      "largest_intermediate_bytes_proxy": 13107200,
      "memory_proxy": {
        "kv_gather": 13107200,
        "scores_fp32": 819200,
        "weights_fp32": 819200,
        "largest": 13107200
      }
    },
    {
      "mode": "dense",
      "batch": 2,
      "heads": 4,
      "seq_len": 1024,
      "embd": 128,
      "tokens_per_sec": 3030518.2576469583,
      "tokens_per_sec_mean": 2975628.7923966683,
      "tokens_per_sec_std": 158472.0604542753,
      "total_ms": 0.6757920018571895,
      "attention_ms": 0.6757920018571895,
      "permute_ms": 0.0,
      "graph_build_ms_first": 0.0,
      "graph_build_ms_cached": 0.0,
      "cache_hit_rate": 0.0,
      "peak_memory_bytes": 45855796,
      "persistent_cache_bytes": 0,
      "step_intermediate_bytes": 45855796,
      "largest_intermediate_bytes_proxy": 33554432,
      "memory_proxy": {
        "scores_fp32": 33554432,
        "weights_fp32": 33554432,
        "largest": 33554432
      }
    },
    {
      "mode": "wayfinder_sparse",
      "batch": 2,
      "heads": 4,
      "seq_len": 1024,
      "embd": 128,
      "tokens_per_sec": 547721.7262341947,
      "tokens_per_sec_mean": 552500.7121537756,
      "tokens_per_sec_std": 27185.644155222206,
      "total_ms": 3.739125000720378,
      "attention_ms": 0.0947289951145649,
      "permute_ms": 0.0,
      "graph_build_ms_first": 91.26624999940395,
      "graph_build_ms_cached": 0.00416700541973114,
      "cache_hit_rate": 1.0,
      "peak_memory_bytes": 166848836,
      "persistent_cache_bytes": 4366336,
      "step_intermediate_bytes": 162482500,
      "largest_intermediate_bytes_proxy": 34603008,
      "memory_proxy": {
        "kv_gather": 34603008,
        "scores_fp32": 2162688,
        "weights_fp32": 2162688,
        "largest": 34603008
      }
    },
    {
      "mode": "wayfinder_permute",
      "batch": 2,
      "heads": 4,
      "seq_len": 1024,
      "embd": 128,
      "tokens_per_sec": 1930217.1841718243,
      "tokens_per_sec_mean": 1861012.1742306405,
      "tokens_per_sec_std": 228693.56144077683,
      "total_ms": 1.061020499037113,
      "attention_ms": 0.8718959987163544,
      "permute_ms": 0.8715000003576279,
      "graph_build_ms_first": 70.04904200136662,
      "graph_build_ms_cached": 0.002542000263929367,
      "cache_hit_rate": 1.0,
      "peak_memory_bytes": 62901940,
      "persistent_cache_bytes": 4366336,
      "step_intermediate_bytes": 58535604,
      "largest_intermediate_bytes_proxy": 34603008,
      "memory_proxy": {
        "kv_gather": 34603008,
        "scores_fp32": 2162688,
        "weights_fp32": 2162688,
        "largest": 34603008
      }
    },
    {
      "mode": "dense",
      "batch": 2,
      "heads": 4,
      "seq_len": 2048,
      "embd": 128,