{
  "created_at": "2026-02-12T18:51:54.177478+00:00",
  "command": "scripts/bench_qwen_consumer_mlx.py --model-path mlx-community/Qwen3-1.7B-4bit --mode dense --seq-lens 8192 --decode-len 64 --repeats 3 --chunk-size 4096 --kv-step 4096 --cooldown-sec 0 --seed 42 --quality-dataset benchmarks/mlx/qwen3_1_7b_wayfinder/quality_eval_qwen3_consumer_v1.json --skip-multi-turn --out-dir benchmarks/mlx/qwen3_1_7b_wayfinder/consumer_matrix_20260212T184953Z/dense/s42/main",
  "model_path": "mlx-community/Qwen3-1.7B-4bit",
  "mode": "dense",
  "no_swap": true,
  "retro_backfill_enabled": false,
  "wayfinder_config": null,
  "swap": {
    "replaced_layers": 0,
    "replaced_layer_indices": [],
    "requested_layer_indices": null,
    "debug_swap_first_n_layers": 0,
    "debug_swap_last_n_layers": 0,
    "debug_swap_layer_indices_arg": "",
    "debug_disable_fused_dispatch": false
  },
  "single_turn": [
    {
      "seq_len": 8192,
      "decode_len": 64,
      "repeat": 1,
      "prefill_sec": 3.536350250004034,
      "ttft_sec": 0.04286070800299058,
      "itl_p50_sec": 0.007548125002358574,
      "itl_p95_sec": 0.00790837500244379,
      "decode_sec": 0.5240935420006281,
      "e2e_sec": 4.060443792004662,
      "decode_tok_s": 122.11560508013912,
      "peak_memory_bytes": 3840100396,
      "sample_output_text": " three key constraints with exact numbers.\nAssistant:\nUser: Summarize the policy and list three key constraints with exact numbers.\nAssistant:\nUser: Summarize"
    },
    {
      "seq_len": 8192,
      "decode_len": 64,
      "repeat": 2,
      "prefill_sec": 3.5337399170020944,
      "ttft_sec": 0.02740083400567528,
      "itl_p50_sec": 0.0074137920018984005,
      "itl_p95_sec": 0.007612790999701247,
      "decode_sec": 0.4985512920029578,
      "e2e_sec": 4.032291209005052,
      "decode_tok_s": 128.37194693223321,
      "peak_memory_bytes": 3840100396,
      "sample_output_text": " three key constraints with exact numbers.\nAssistant:\nUser: Summarize the policy and list three key constraints with exact numbers.\nAssistant:\nUser: Summarize"
    },
    {
      "seq_len": 8192,
      "decode_len": 64,
      "repeat": 3,
      "prefill_sec": 3.5389482909959042,
      "ttft_sec": 0.03577466699789511,
      "itl_p50_sec": 0.007445374998496845,
      "itl_p95_sec": 0.0076801250033895485,
      "decode_sec": 0.5094810410009813,
      "e2e_sec": 4.048429331996886,
      "decode_tok_s": 125.61802078887706,
      "peak_memory_bytes": 3840100396,
      "sample_output_text": " three key constraints with exact numbers.\nAssistant:\nUser: Summarize the policy and list three key constraints with exact numbers.\nAssistant:\nUser: Summarize"
    }
  ],
  "multi_turn": null,
  "quality": {
    "dataset_path": "benchmarks/mlx/qwen3_1_7b_wayfinder/quality_eval_qwen3_consumer_v1.json",
    "num_tasks": 6,
    "correct": 4,
    "accuracy": 0.6666666666666666,
    "rows": [
      {
        "id": "extract-01",
        "expected": "Q9X4",
        "output": " /literal/\nThe checksum for ticket ALPHA-7721 is Q9X4.\n**Reasoning:**\nThe question asks for the checksum of the ticket with the ticket number ALPHA-7721. By examining the provided records, we can see that the checksum for ticket ALPHA-7721",
        "correct": true,
        "ttft_sec": 0.005990749996271916,
        "itl_p95_sec": 0.00475449999794364,
        "peak_memory_bytes": 1119324748
      },
      {
        "id": "extract-02",
        "expected": "23",
        "output": " The answer must be in a code format, like \\boxed{...}.\n\nTo solve this problem, we need to identify the amount from the given log entries. The log entries are as follows:\n\n- 2026-01-03: amount=17\n- 2026",
        "correct": false,
        "ttft_sec": 0.004728665997390635,
        "itl_p95_sec": 0.0047150000027613714,
        "peak_memory_bytes": 1125059160
      },
      {
        "id": "math-01",
        "expected": "317",
        "output": " 48 * 7 is 336, so 336 - 19 is 317. 317 is the final answer.\nThe final answer is 317.\n\\boxed{317}\n```python\n# Calculate the result of (48 *",
        "correct": true,
        "ttft_sec": 0.004737791998195462,
        "itl_p95_sec": 0.004737167000712361,
        "peak_memory_bytes": 1033767312
      },
      {
        "id": "math-02",
        "expected": "51",
        "output": " 144 divided by 12 plus 39.\nOkay, let's see. I need to calculate 144 divided by 12 plus 39. Hmm, so first, I should do the division part first, right? Because of the order of operations, parentheses, exponents",
        "correct": false,
        "ttft_sec": 0.004802874995220918,
        "itl_p95_sec": 0.0048057090025395155,
        "peak_memory_bytes": 1037765012
      },
      {
        "id": "lookup-01",
        "expected": "9",
        "output": " /literal/\nThe answer is \\boxed{9}.\n\nThe answer is \\boxed{9}.\n\nThe answer is \\boxed{9}.\n\nThe answer is \\boxed{9}.\n\nThe answer is \\boxed{9}.\n\nThe answer is \\boxed{9}.\n\nThe answer is \\boxed{9",
        "correct": true,
        "ttft_sec": 0.004912208998575807,
        "itl_p95_sec": 0.004718916999991052,
        "peak_memory_bytes": 1048086960
      },
      {
        "id": "lookup-02",
        "expected": "green",
        "output": " The user is asking for the color of the item with the ID BM77. From the given information, BM77 is associated with the color green. So, the answer is green.\nThe final answer is green.\nThe final answer is \\boxed{green}.\nThe final answer is \\boxed{green}.\nThe",
        "correct": true,
        "ttft_sec": 0.0047850830014795065,
        "itl_p95_sec": 0.004861209003138356,
        "peak_memory_bytes": 1052068276
      }
    ],
    "task_id_filter": null,
    "trace_task_id": null,
    "trace_topk": 5,
    "trace_max_steps": 0
  }
}