{
  "config": {
    "seq_len": 512,
    "batch": 1,
    "heads": 8,
    "embd": 1024,
    "window": 64,
    "landmark_stride": 64,
    "num_cycles": 2,
    "warmup": 1,
    "iters": 2,
    "out": "runs/mlx/qwen3_microbench_smoke.json"
  },
  "dense": {
    "tok_s": 166849.97351784928,
    "latency_ms": 3.0686250000826476,
    "peak_memory_bytes": 70553728
  },
  "wayfinder_permute": {
    "tok_s": 44517.06096790046,
    "latency_ms": 11.501208500021676,
    "peak_memory_bytes": 628056624
  }
}
