{
  "created_at": "2026-02-12T13:03:35.129516+00:00",
  "command": "scripts/bench_glm_consumer_mlx.py --model-path mlx-community/GLM-4.7-Flash-4bit --seq-lens 8192 --decode-len 64 --repeats 3 --chunk-size 4096 --kv-step 4096 --cooldown-sec 0 --path permute --window 64 --landmark-stride 0 --head-chunk-size 2 --query-chunk-size 192 --skip-multi-turn --skip-quality --seed 42 --no-swap --out-dir benchmarks/mlx/post_reboot_20260211_20260211T202821Z/decode_gate_retry2_20260212T130331Z/s42_dense_compact",
  "model_path": "mlx-community/GLM-4.7-Flash-4bit",
  "no_swap": true,
  "retro_backfill_enabled": false,
  "wayfinder_config": null,
  "swap": {
    "replaced_layers": 0,
    "replaced_layer_indices": [],
    "requested_layer_indices": null,
    "swap_first_n_layers": 0,
    "swap_last_n_layers": 0,
    "swap_layer_indices_arg": "",
    "disable_discovered_active_row_kernel": false,
    "disable_fused_dispatch": false
  },
  "single_turn": [
    {
      "seq_len": 8192,
      "decode_len": 64,
      "repeat": 1,
      "prefill_sec": 16.72537458300212,
      "ttft_sec": 0.23173137499543373,
      "itl_p50_sec": 0.019856292004988063,
      "itl_p95_sec": 0.02029441699414747,
      "decode_sec": 1.4967102499940665,
      "e2e_sec": 18.222084832996188,
      "decode_tok_s": 42.76044745484553,
      "peak_memory_bytes": 20660500140,
      "sample_output_text": "  } } } } } } } } } } } } } } } } } } } } } } } } } } } } } } }"
    },
    {
      "seq_len": 8192,
      "decode_len": 64,
      "repeat": 2,
      "prefill_sec": 16.320446167002956,
      "ttft_sec": 0.1672187500007567,
      "itl_p50_sec": 0.019739833995117806,
      "itl_p95_sec": 0.020106709001993295,
      "decode_sec": 1.4239372910014936,
      "e2e_sec": 17.74438345800445,
      "decode_tok_s": 44.94579951269277,
      "peak_memory_bytes": 20660500140,
      "sample_output_text": "  } } } } } } } } } } } } } } } } } } } } } } } } } } } } } } }"
    },
    {
      "seq_len": 8192,
      "decode_len": 64,
      "repeat": 3,
      "prefill_sec": 16.263778792002995,
      "ttft_sec": 0.15281766700354638,
      "itl_p50_sec": 0.019436666996625718,
      "itl_p95_sec": 0.019890333998773713,
      "decode_sec": 1.3911119590047747,
      "e2e_sec": 17.65489075100777,
      "decode_tok_s": 46.00636173510197,
      "peak_memory_bytes": 20660500140,
      "sample_output_text": "  } } } } } } } } } } } } } } } } } } } } } } } } } } } } } } }"
    }
  ],
  "multi_turn": null,
  "quality": null
}