{
  "created_at": "2026-02-12T13:34:34.169501+00:00",
  "command": "scripts/bench_glm_consumer_mlx.py --model-path mlx-community/GLM-4.7-Flash-4bit --seq-lens 8192 --decode-len 64 --repeats 3 --chunk-size 4096 --kv-step 4096 --cooldown-sec 0 --path permute --window 64 --landmark-stride 0 --head-chunk-size 2 --query-chunk-size 192 --skip-multi-turn --skip-quality --seed 42 --no-swap --out-dir benchmarks/mlx/post_reboot_20260211_20260211T202821Z/decode_gate_idx16_20260212T133430Z/s42_dense",
  "model_path": "mlx-community/GLM-4.7-Flash-4bit",
  "no_swap": true,
  "retro_backfill_enabled": false,
  "wayfinder_config": null,
  "swap": {
    "replaced_layers": 0,
    "replaced_layer_indices": [],
    "requested_layer_indices": null,
    "swap_first_n_layers": 0,
    "swap_last_n_layers": 0,
    "swap_layer_indices_arg": "",
    "disable_discovered_active_row_kernel": false,
    "disable_fused_dispatch": false
  },
  "single_turn": [
    {
      "seq_len": 8192,
      "decode_len": 64,
      "repeat": 1,
      "prefill_sec": 16.318931125002564,
      "ttft_sec": 0.18553391699970234,
      "itl_p50_sec": 0.019343375002790708,
      "itl_p95_sec": 0.019691083005454857,
      "decode_sec": 1.4193717499947525,
      "e2e_sec": 17.738302874997316,
      "decode_tok_s": 45.09037184954302,
      "peak_memory_bytes": 20660500140,
      "sample_output_text": "  } } } } } } } } } } } } } } } } } } } } } } } } } } } } } } }"
    },
    {
      "seq_len": 8192,
      "decode_len": 64,
      "repeat": 2,
      "prefill_sec": 16.108326041998225,
      "ttft_sec": 0.13367691600433318,
      "itl_p50_sec": 0.019420167001953814,
      "itl_p95_sec": 0.01958849999937229,
      "decode_sec": 1.3670159579996835,
      "e2e_sec": 17.47534199999791,
      "decode_tok_s": 46.81730277212669,
      "peak_memory_bytes": 20660500140,
      "sample_output_text": "  } } } } } } } } } } } } } } } } } } } } } } } } } } } } } } }"
    },
    {
      "seq_len": 8192,
      "decode_len": 64,
      "repeat": 3,
      "prefill_sec": 16.10225304099731,
      "ttft_sec": 0.13540579199616332,
      "itl_p50_sec": 0.019564999995054677,
      "itl_p95_sec": 0.01980212499620393,
      "decode_sec": 1.3790805840035318,
      "e2e_sec": 17.481333625000843,
      "decode_tok_s": 46.40773044183189,
      "peak_memory_bytes": 20660500140,
      "sample_output_text": "  } } } } } } } } } } } } } } } } } } } } } } } } } } } } } } }"
    }
  ],
  "multi_turn": null,
  "quality": null
}