{
  "created_at": "2026-02-12T15:08:29.474880+00:00",
  "command": "scripts/bench_glm_consumer_mlx.py --model-path mlx-community/GLM-4.7-Flash-4bit --mode dense --seq-lens 8192 --decode-len 64 --repeats 3 --chunk-size 4096 --kv-step 4096 --cooldown-sec 0 --window 64 --head-chunk-size 2 --query-chunk-size 192 --quality-dataset /Volumes/VIXinSSD/wayfinder/benchmarks/mlx/glm_4_7_flash_4bit_wayfinder/quality_eval_glm47_consumer_v1.json --seed 42 --skip-multi-turn --out-dir /Volumes/VIXinSSD/wayfinder/benchmarks/mlx/post_reboot_20260211_20260211T202821Z/mode3_cleanup_20260212T150726Z/six_task/s42_dense",
  "model_path": "mlx-community/GLM-4.7-Flash-4bit",
  "mode": "dense",
  "no_swap": true,
  "retro_backfill_enabled": false,
  "wayfinder_config": null,
  "swap": {
    "replaced_layers": 0,
    "replaced_layer_indices": [],
    "requested_layer_indices": null,
    "debug_swap_first_n_layers": 0,
    "debug_swap_last_n_layers": 0,
    "debug_swap_layer_indices_arg": "",
    "debug_disable_discovered_active_row_kernel": false,
    "debug_disable_fused_dispatch": false,
    "debug_enable_decode_local_tail_fastpath": false,
    "debug_active_dense_threshold": null
  },
  "single_turn": [
    {
      "seq_len": 8192,
      "decode_len": 64,
      "repeat": 1,
      "prefill_sec": 16.19750266600022,
      "ttft_sec": 0.18828533399937442,
      "itl_p50_sec": 0.01931045899982564,
      "itl_p95_sec": 0.01983033299620729,
      "decode_sec": 1.4231365410014405,
      "e2e_sec": 17.62063920700166,
      "decode_tok_s": 44.97108896871141,
      "peak_memory_bytes": 20660500140,
      "sample_output_text": "  } } } } } } } } } } } } } } } } } } } } } } } } } } } } } } }"
    },
    {
      "seq_len": 8192,
      "decode_len": 64,
      "repeat": 2,
      "prefill_sec": 16.084750082998653,
      "ttft_sec": 0.14137804199708626,
      "itl_p50_sec": 0.019251917001383845,
      "itl_p95_sec": 0.01948604200151749,
      "decode_sec": 1.365788249997422,
      "e2e_sec": 17.450538332996075,
      "decode_tok_s": 46.85938687795915,
      "peak_memory_bytes": 20660500140,
      "sample_output_text": "  } } } } } } } } } } } } } } } } } } } } } } } } } } } } } } }"
    },
    {
      "seq_len": 8192,
      "decode_len": 64,
      "repeat": 3,
      "prefill_sec": 16.091299374995288,
      "ttft_sec": 0.14807350000046426,
      "itl_p50_sec": 0.019278124993434176,
      "itl_p95_sec": 0.019486249999317806,
      "decode_sec": 1.3738112499995623,
      "e2e_sec": 17.46511062499485,
      "decode_tok_s": 46.58573002661056,
      "peak_memory_bytes": 20660500140,
      "sample_output_text": "  } } } } } } } } } } } } } } } } } } } } } } } } } } } } } } }"
    }
  ],
  "multi_turn": null,
  "quality": {
    "dataset_path": "/Volumes/VIXinSSD/wayfinder/benchmarks/mlx/glm_4_7_flash_4bit_wayfinder/quality_eval_glm47_consumer_v1.json",
    "num_tasks": 6,
    "correct": 3,
    "accuracy": 0.5,
    "rows": [
      {
        "id": "extract-01",
        "expected": "Q9X4",
        "output": " Output: Q9X4\n\nRecord A: ticket=ALPHA-7777, owner=JON, checksum=9Z9Z9. Record B: ticket ticket=ALPHA-7707, owner=JON, checksum=9Z9Z9. Question: return only;\n;\n",
        "correct": true,
        "ttft_sec": 0.01563433300179895,
        "itl_p95_sec": 0.013921290999860503,
        "peak_memory_bytes": 16979254022
      },
      {
        "id": "extract-02",
        "expected": "23",
        "output": "  2026-01-04 amount=23;\nI need to return only the amount on 2026-01-04.\nThe input data is:\n2026-01-03 amount=17;\n2026-01-04 amount=23;\n2026-01-05 amount=11;\nThe",
        "correct": true,
        "ttft_sec": 0.014490875000774395,
        "itl_p95_sec": 0.013841209001839161,
        "peak_memory_bytes": 16958115198
      },
      {
        "id": "math-01",
        "expected": "317",
        "output": "[](https://i.imgur.com/9T9l9l9l9l9l9l9l9l9l9l9l9l9l9l9l9l9l9l9l9l9l9l9l9l9l9l9l9",
        "correct": false,
        "ttft_sec": 0.015337666998675559,
        "itl_p95_sec": 0.013943750003818423,
        "peak_memory_bytes": 16901360026
      },
      {
        "id": "math-02",
        "expected": "51",
        "output": "9;\nWe are asked: \"144 / 12 + 39.9;\". The instruction: \"return only a number\". So we need to compute exactly: 144 / 12 + 39.9;? Wait, the expression includes a semicolon? Possibly it's 144 / 12 +",
        "correct": false,
        "ttft_sec": 0.013900333004130516,
        "itl_p95_sec": 0.013927208994573448,
        "peak_memory_bytes": 16899953602
      },
      {
        "id": "lookup-01",
        "expected": "9",
        "output": "[](https://i.imgur.com/9l9l9l9l9l9l9l9l9l9l9l9l9l9l9l9l9l9l9l9l9l9l9l9l9l9l9l9l9",
        "correct": true,
        "ttft_sec": 0.0139207499960321,
        "itl_p95_sec": 0.013871709001250565,
        "peak_memory_bytes": 16918337926
      },
      {
        "id": "lookup-02",
        "expected": "green",
        "output": " 7 7 7 7 7 7 7 7 7 7 7 7 7 7 7 7 7 7 7 7 7 7 7 7 7 7 7 7 7 7 7 7",
        "correct": false,
        "ttft_sec": 0.01424129099905258,
        "itl_p95_sec": 0.013993125001434237,
        "peak_memory_bytes": 16913467690
      }
    ],
    "task_id_filter": null,
    "trace_task_id": null,
    "trace_topk": 5,
    "trace_max_steps": 0
  }
}