{
  "run_root": "/Volumes/VIXinSSD/wayfinder/benchmarks/mlx/post_reboot_20260211_20260211T202821Z/decode_final_idx16_20260212T140034Z",
  "candidate": "idx16",
  "controls": {
    "model": "mlx-community/GLM-4.7-Flash-4bit",
    "seq_len": 8192,
    "decode_len": 64,
    "repeats": 3,
    "chunk_size": 4096,
    "kv_step": 4096,
    "path": "permute",
    "window": 64,
    "head_chunk_size": 2,
    "query_chunk_size": 192,
    "seeds": [
      42,
      7,
      99
    ]
  },
  "per_seed": {
    "42": {
      "dense": {
        "decode_tok_s_median": 46.49540577468356,
        "peak_memory_bytes": 20660500140,
        "quality_accuracy": 0.5
      },
      "candidate": {
        "decode_tok_s_median": 46.67643285934462,
        "peak_memory_bytes": 20662665148,
        "quality_accuracy": 0.5
      },
      "decode_delta_abs": 0.18102708466106066,
      "decode_delta_pct_vs_dense": 0.3893440258126102,
      "memory_delta_abs_bytes": 2165008,
      "memory_delta_pct_vs_dense": 0.010478971880290011,
      "quality_drift_vs_dense": 0.0
    },
    "7": {
      "dense": {
        "decode_tok_s_median": 45.82087242760903,
        "peak_memory_bytes": 20660500140,
        "quality_accuracy": 0.5
      },
      "candidate": {
        "decode_tok_s_median": 45.1055885037337,
        "peak_memory_bytes": 20662665148,
        "quality_accuracy": 0.5
      },
      "decode_delta_abs": -0.715283923875333,
      "decode_delta_pct_vs_dense": -1.5610438779955271,
      "memory_delta_abs_bytes": 2165008,
      "memory_delta_pct_vs_dense": 0.010478971880290011,
      "quality_drift_vs_dense": 0.0
    },
    "99": {
      "dense": {
        "decode_tok_s_median": 45.319970955308655,
        "peak_memory_bytes": 20660500140,
        "quality_accuracy": 0.5
      },
      "candidate": {
        "decode_tok_s_median": 45.19504574151403,
        "peak_memory_bytes": 20662665148,
        "quality_accuracy": 0.5
      },
      "decode_delta_abs": -0.12492521379462573,
      "decode_delta_pct_vs_dense": -0.27565157514733984,
      "memory_delta_abs_bytes": 2165008,
      "memory_delta_pct_vs_dense": 0.010478971880290011,
      "quality_drift_vs_dense": 0.0
    }
  },
  "aggregate": {
    "dense_decode_tok_s_median_of_seeds": 45.82087242760903,
    "candidate_decode_tok_s_median_of_seeds": 45.19504574151403,
    "decode_delta_abs_median_of_seeds": -0.625826686095003,
    "decode_delta_pct_vs_dense_median_of_seeds": -1.3658113714087983,
    "dense_peak_memory_bytes_max": 20660500140,
    "candidate_peak_memory_bytes_max": 20662665148,
    "memory_delta_abs_bytes_max": 2165008,
    "memory_delta_pct_vs_dense_max": 0.010478971880290011,
    "quality_drift_vs_dense_mean": 0.0,
    "quality_drift_vs_dense_min": 0.0
  },
  "heldout_seed42": {
    "dense_accuracy": 0.125,
    "candidate_accuracy": 0.16666666666666666,
    "drift_vs_dense": 0.04166666666666666,
    "delta_pct_vs_dense": 33.33333333333333,
    "dense_correct": 3,
    "candidate_correct": 4,
    "num_tasks": 24
  },
  "acceptance": {
    "criterion_1_decode_plus_5pct": false,
    "criterion_2_quality_drift_ge_neg_0_05": true,
    "criterion_3_memory_le_dense": false,
    "criterion_4_heldout_recheck_reported": true,
    "overall": false
  }
}