{
  "created_at": "2026-02-12T12:55:03.177359+00:00",
  "command": "scripts/bench_glm_consumer_mlx.py --model-path mlx-community/GLM-4.7-Flash-4bit --seq-lens 8192 --decode-len 64 --repeats 3 --chunk-size 4096 --kv-step 4096 --cooldown-sec 0 --path permute --window 64 --landmark-stride 0 --head-chunk-size 2 --query-chunk-size 192 --skip-multi-turn --skip-quality --seed 42 --no-swap --out-dir benchmarks/mlx/post_reboot_20260211_20260211T202821Z/decode_gate_retry_20260212T125459Z/s42_dense_compact",
  "model_path": "mlx-community/GLM-4.7-Flash-4bit",
  "no_swap": true,
  "retro_backfill_enabled": false,
  "wayfinder_config": null,
  "swap": {
    "replaced_layers": 0,
    "replaced_layer_indices": [],
    "requested_layer_indices": null,
    "swap_first_n_layers": 0,
    "swap_last_n_layers": 0,
    "swap_layer_indices_arg": "",
    "disable_discovered_active_row_kernel": false,
    "disable_fused_dispatch": false
  },
  "single_turn": [
    {
      "seq_len": 8192,
      "decode_len": 64,
      "repeat": 1,
      "prefill_sec": 16.18570987500425,
      "ttft_sec": 0.15137691699783318,
      "itl_p50_sec": 0.01936750000459142,
      "itl_p95_sec": 0.01958845800254494,
      "decode_sec": 1.3834102090040687,
      "e2e_sec": 17.56912008400832,
      "decode_tok_s": 46.26248930609979,
      "peak_memory_bytes": 20660500140,
      "sample_output_text": "  } } } } } } } } } } } } } } } } } } } } } } } } } } } } } } }"
    },
    {
      "seq_len": 8192,
      "decode_len": 64,
      "repeat": 2,
      "prefill_sec": 16.052721291001944,
      "ttft_sec": 0.13444629200239433,
      "itl_p50_sec": 0.019347249995917082,
      "itl_p95_sec": 0.019564665999496356,
      "decode_sec": 1.3628564579994418,
      "e2e_sec": 17.415577749001386,
      "decode_tok_s": 46.96019131313843,
      "peak_memory_bytes": 20660500140,
      "sample_output_text": "  } } } } } } } } } } } } } } } } } } } } } } } } } } } } } } }"
    },
    {
      "seq_len": 8192,
      "decode_len": 64,
      "repeat": 3,
      "prefill_sec": 16.050526250000985,
      "ttft_sec": 0.13434145799692487,
      "itl_p50_sec": 0.01939166700321948,
      "itl_p95_sec": 0.01958420800656313,
      "decode_sec": 1.3638426249963231,
      "e2e_sec": 17.414368874997308,
      "decode_tok_s": 46.92623534931132,
      "peak_memory_bytes": 20660500140,
      "sample_output_text": "  } } } } } } } } } } } } } } } } } } } } } } } } } } } } } } }"
    }
  ],
  "multi_turn": null,
  "quality": null
}