{
  "dense": {
    "run": "dense",
    "attn": "dense",
    "steps": 1000,
    "final_train_loss": 0.0844707116484642,
    "final_train_ppl": 1.0881409739099273,
    "avg_tokens_per_sec": 357661.7052136372,
    "last_tokens_per_sec": 426555.58406784706,
    "peak_memory_bytes": 95191432,
    "final_val_loss": 6.647304475307465,
    "final_val_ppl": 770.7040712516279,
    "best_val_ppl": 18.62900622172546
  },
  "wayfinder": {
    "run": "wayfinder",
    "attn": "wayfinder_permute",
    "steps": 1000,
    "final_train_loss": 1.5842843055725098,
    "final_train_ppl": 4.875800546196652,
    "avg_tokens_per_sec": 194631.0165578781,
    "last_tokens_per_sec": 190629.83610742554,
    "peak_memory_bytes": 121972608,
    "final_val_loss": 4.378024041652679,
    "final_val_ppl": 79.68043253420048,
    "best_val_ppl": 20.42947438899161,
    "cache_hit_rate": 0.999,
    "avg_graph_build_ms": 0.016442329145967962,
    "cache_persistent_bytes": 402432
  },
  "throughput_ratio_wayfinder_over_dense": 0.5441762808842556,
  "val_ppl_gap_wayfinder_minus_dense": -691.0236387174274
}