{
  "dense": {
    "run": "dense",
    "attn": "dense",
    "steps": 1000,
    "final_train_loss": 0.08549054712057114,
    "final_train_ppl": 1.0892512647345263,
    "avg_tokens_per_sec": 431693.6735459433,
    "last_tokens_per_sec": 355782.1204481341,
    "peak_memory_bytes": 95191432,
    "final_val_loss": 6.712107002735138,
    "final_val_ppl": 822.3014067577436,
    "best_val_ppl": 18.628997893912587
  },
  "wayfinder": {
    "run": "wayfinder",
    "attn": "wayfinder_permute",
    "steps": 1000,
    "final_train_loss": 1.5554407835006714,
    "final_train_ppl": 4.737174133231762,
    "avg_tokens_per_sec": 232426.25916485774,
    "last_tokens_per_sec": 251422.04419168038,
    "peak_memory_bytes": 120135536,
    "final_val_loss": 4.500390946865082,
    "final_val_ppl": 90.05233009578842,
    "best_val_ppl": 19.95431590498332,
    "cache_hit_rate": 0.999,
    "avg_graph_build_ms": 0.015306790173053742,
    "cache_persistent_bytes": 402432
  },
  "throughput_ratio_wayfinder_over_dense": 0.5384055255100272,
  "val_ppl_gap_wayfinder_minus_dense": -732.2490766619552
}