{
  "dense": {
    "run": "dense",
    "steps": 5,
    "final_train_loss": 4.627442359924316,
    "final_train_ppl": 102.2522050451695,
    "avg_tokens_per_sec": 2034.5906301307994,
    "peak_memory_bytes": 2756755392,
    "replaced_layers": [],
    "final_val_loss": 4.035216331481934,
    "final_val_ppl": 56.55515357523123,
    "model_config": {
      "num_hidden_layers": null,
      "num_attention_heads": null,
      "hidden_size": null
    },
    "tokenizer_vocab": 50257
  },
  "window_landmarks": {
    "run": "window_landmarks",
    "steps": 5,
    "final_train_loss": 4.602997303009033,
    "final_train_ppl": 99.78294760222416,
    "avg_tokens_per_sec": 1104.9999976564704,
    "peak_memory_bytes": 2902857360,
    "replaced_layers": [
      0,
      1,
      2,
      3,
      4,
      5,
      6,
      7,
      8,
      9,
      10,
      11
    ],
    "final_val_loss": 4.020798683166504,
    "final_val_ppl": 55.74561113282869,
    "model_config": {
      "num_hidden_layers": null,
      "num_attention_heads": null,
      "hidden_size": null
    },
    "tokenizer_vocab": 50257
  },
  "window_cycle": {
    "run": "window_cycle",
    "steps": 5,
    "final_train_loss": 4.643130302429199,
    "final_train_ppl": 103.86898054063411,
    "avg_tokens_per_sec": 1133.5854521992535,
    "peak_memory_bytes": 2792726672,
    "replaced_layers": [
      0,
      1,
      2,
      3,
      4,
      5,
      6,
      7,
      8,
      9,
      10,
      11
    ],
    "final_val_loss": 4.080397605895996,
    "final_val_ppl": 59.16899111320265,
    "model_config": {
      "num_hidden_layers": null,
      "num_attention_heads": null,
      "hidden_size": null
    },
    "tokenizer_vocab": 50257
  },
  "window_multicycle": {
    "run": "window_multicycle",
    "steps": 5,
    "final_train_loss": 5.351027488708496,
    "final_train_ppl": 210.82480672580408,
    "avg_tokens_per_sec": 1040.259548928369,
    "peak_memory_bytes": 2763953808,
    "replaced_layers": [
      0,
      1,
      2,
      3,
      4,
      5,
      6,
      7,
      8,
      9,
      10,
      11
    ],
    "final_val_loss": 4.869598388671875,
    "final_val_ppl": 130.2685890483732,
    "model_config": {
      "num_hidden_layers": null,
      "num_attention_heads": null,
      "hidden_size": null
    },
    "tokenizer_vocab": 50257
  }
}