{
  "dense": {
    "run": "dense",
    "attn": "dense",
    "steps": 1000,
    "final_train_loss": 0.5775451064109802,
    "final_train_ppl": 1.7816592738380461,
    "avg_tokens_per_sec": 367940.6386437384,
    "last_tokens_per_sec": 412224.5512520195,
    "final_val_loss": 4.2514044642448425,
    "final_val_ppl": 70.20394206623682,
    "best_val_ppl": 16.253270279936874
  },
  "wayfinder": {
    "run": "wayfinder",
    "attn": "wayfinder_sparse",
    "steps": 1000,
    "final_train_loss": 0.5451026558876038,
    "final_train_ppl": 1.724785432668169,
    "avg_tokens_per_sec": 135911.25555676612,
    "last_tokens_per_sec": 126510.20006876472,
    "final_val_loss": 4.220498621463776,
    "final_val_ppl": 68.06741570370454,
    "best_val_ppl": 18.13693236363736,
    "cache_hit_rate": 0.999,
    "avg_graph_build_ms": 0.015818247995572163,
    "cache_persistent_bytes": 398336
  },
  "throughput_ratio_wayfinder_over_dense": 0.3693836485628415,
  "val_ppl_gap_wayfinder_minus_dense": -2.1365263625322797
}