{
  "dense": {
    "run": "dense",
    "attn": "dense",
    "steps": 500,
    "final_train_loss": 1.2772904634475708,
    "final_train_ppl": 3.5869076893748812,
    "avg_tokens_per_sec": 367712.7929074147,
    "last_tokens_per_sec": 401804.9833073396,
    "final_val_loss": 3.3875430524349213,
    "final_val_ppl": 29.593154048500498,
    "best_val_ppl": 16.22692559863876
  },
  "wayfinder": {
    "run": "wayfinder",
    "attn": "wayfinder_sparse",
    "steps": 500,
    "final_train_loss": 2.0875535011291504,
    "final_train_ppl": 8.065159604315948,
    "avg_tokens_per_sec": 252782.51249719167,
    "last_tokens_per_sec": 281408.90225216834,
    "final_val_loss": 2.9906938076019287,
    "final_val_ppl": 19.899484116529436,
    "best_val_ppl": 16.890248108715024,
    "cache_hit_rate": 0.998,
    "avg_graph_build_ms": 0.02167764199245721,
    "cache_persistent_bytes": 45056
  },
  "throughput_ratio_wayfinder_over_dense": 0.6874455209961623,
  "val_ppl_gap_wayfinder_minus_dense": -9.693669931971062
}