{
  "created_at": "2026-02-12T15:09:58.490414+00:00",
  "command": "scripts/bench_glm_consumer_mlx.py --model-path mlx-community/GLM-4.7-Flash-4bit --mode dense --seq-lens 8192 --decode-len 64 --repeats 3 --chunk-size 4096 --kv-step 4096 --cooldown-sec 0 --window 64 --head-chunk-size 2 --query-chunk-size 192 --quality-dataset /Volumes/VIXinSSD/wayfinder/benchmarks/mlx/glm_4_7_flash_4bit_wayfinder/quality_eval_glm47_consumer_v1.json --seed 7 --skip-multi-turn --out-dir /Volumes/VIXinSSD/wayfinder/benchmarks/mlx/post_reboot_20260211_20260211T202821Z/mode3_cleanup_20260212T150726Z/six_task/s7_dense",
  "model_path": "mlx-community/GLM-4.7-Flash-4bit",
  "mode": "dense",
  "no_swap": true,
  "retro_backfill_enabled": false,
  "wayfinder_config": null,
  "swap": {
    "replaced_layers": 0,
    "replaced_layer_indices": [],
    "requested_layer_indices": null,
    "debug_swap_first_n_layers": 0,
    "debug_swap_last_n_layers": 0,
    "debug_swap_layer_indices_arg": "",
    "debug_disable_discovered_active_row_kernel": false,
    "debug_disable_fused_dispatch": false,
    "debug_enable_decode_local_tail_fastpath": false,
    "debug_active_dense_threshold": null
  },
  "single_turn": [
    {
      "seq_len": 8192,
      "decode_len": 64,
      "repeat": 1,
      "prefill_sec": 16.109909250000783,
      "ttft_sec": 0.15802312499727122,
      "itl_p50_sec": 0.019379416000447236,
      "itl_p95_sec": 0.019691749999765307,
      "decode_sec": 1.3912532500035013,
      "e2e_sec": 17.501162500004284,
      "decode_tok_s": 46.001689483808164,
      "peak_memory_bytes": 20660500140,
      "sample_output_text": "  } } } } } } } } } } } } } } } } } } } } } } } } } } } } } } }"
    },
    {
      "seq_len": 8192,
      "decode_len": 64,
      "repeat": 2,
      "prefill_sec": 16.09777524999663,
      "ttft_sec": 0.1457823329983512,
      "itl_p50_sec": 0.01944558300601784,
      "itl_p95_sec": 0.019802333998086397,
      "decode_sec": 1.3827346670004772,
      "e2e_sec": 17.480509916997107,
      "decode_tok_s": 46.2850910788497,
      "peak_memory_bytes": 20660500140,
      "sample_output_text": "  } } } } } } } } } } } } } } } } } } } } } } } } } } } } } } }"
    },
    {
      "seq_len": 8192,
      "decode_len": 64,
      "repeat": 3,
      "prefill_sec": 16.08004324999638,
      "ttft_sec": 0.13735124999948312,
      "itl_p50_sec": 0.019403124999371357,
      "itl_p95_sec": 0.019650334004836623,
      "decode_sec": 1.3708721249931841,
      "e2e_sec": 17.450915374989563,
      "decode_tok_s": 46.68560898801426,
      "peak_memory_bytes": 20660500140,
      "sample_output_text": "  } } } } } } } } } } } } } } } } } } } } } } } } } } } } } } }"
    }
  ],
  "multi_turn": null,
  "quality": {
    "dataset_path": "/Volumes/VIXinSSD/wayfinder/benchmarks/mlx/glm_4_7_flash_4bit_wayfinder/quality_eval_glm47_consumer_v1.json",
    "num_tasks": 6,
    "correct": 3,
    "accuracy": 0.5,
    "rows": [
      {
        "id": "extract-01",
        "expected": "Q9X4",
        "output": " Output: Q9X4\n\nRecord A: ticket=ALPHA-7777, owner=JON, checksum=9Z9Z9. Record B: ticket ticket=ALPHA-7707, owner=JON, checksum=9Z9Z9. Question: return only;\n;\n",
        "correct": true,
        "ttft_sec": 0.014651333003712352,
        "itl_p95_sec": 0.014034790998266544,
        "peak_memory_bytes": 16979254022
      },
      {
        "id": "extract-02",
        "expected": "23",
        "output": "  2026-01-04 amount=23;\nI need to return only the amount on 2026-01-04.\nThe input data is:\n2026-01-03 amount=17;\n2026-01-04 amount=23;\n2026-01-05 amount=11;\nThe",
        "correct": true,
        "ttft_sec": 0.014797750001889654,
        "itl_p95_sec": 0.014029209000000264,
        "peak_memory_bytes": 16958115198
      },
      {
        "id": "math-01",
        "expected": "317",
        "output": "[](https://i.imgur.com/9T9l9l9l9l9l9l9l9l9l9l9l9l9l9l9l9l9l9l9l9l9l9l9l9l9l9l9l9",
        "correct": false,
        "ttft_sec": 0.015570832998491824,
        "itl_p95_sec": 0.013984750003146473,
        "peak_memory_bytes": 16901376446
      },
      {
        "id": "math-02",
        "expected": "51",
        "output": "9;\nWe are asked: \"144 / 12 + 39.9;\". The instruction: \"return only a number\". So we need to compute exactly: 144 / 12 + 39.9;? Wait, the expression includes a semicolon? Possibly it's 144 / 12 +",
        "correct": false,
        "ttft_sec": 0.014220041004591621,
        "itl_p95_sec": 0.013946791004855186,
        "peak_memory_bytes": 16899920834
      },
      {
        "id": "lookup-01",
        "expected": "9",
        "output": "[](https://i.imgur.com/9l9l9l9l9l9l9l9l9l9l9l9l9l9l9l9l9l9l9l9l9l9l9l9l9l9l9l9l9",
        "correct": true,
        "ttft_sec": 0.01459574999898905,
        "itl_p95_sec": 0.014130375006061513,
        "peak_memory_bytes": 16918371030
      },
      {
        "id": "lookup-02",
        "expected": "green",
        "output": " 7 7 7 7 7 7 7 7 7 7 7 7 7 7 7 7 7 7 7 7 7 7 7 7 7 7 7 7 7 7 7 7",
        "correct": false,
        "ttft_sec": 0.01439133299572859,
        "itl_p95_sec": 0.014125500005320646,
        "peak_memory_bytes": 16913467690
      }
    ],
    "task_id_filter": null,
    "trace_task_id": null,
    "trace_topk": 5,
    "trace_max_steps": 0
  }
}