{
  "dense": {
    "run": "dense",
    "attn": "dense",
    "steps": 1000,
    "final_train_loss": 0.5775451064109802,
    "final_train_ppl": 1.7816592738380461,
    "avg_tokens_per_sec": 368976.5038552795,
    "last_tokens_per_sec": 409545.4485554973,
    "final_val_loss": 4.251404583454132,
    "final_val_ppl": 70.20395043519937,
    "best_val_ppl": 16.253270279936874
  },
  "wayfinder": {
    "run": "wayfinder",
    "attn": "wayfinder_sparse",
    "steps": 1000,
    "final_train_loss": 0.8166326284408569,
    "final_train_ppl": 2.2628670793333394,
    "avg_tokens_per_sec": 135044.62833110936,
    "last_tokens_per_sec": 129705.77688670054,
    "final_val_loss": 4.054377615451813,
    "final_val_ppl": 57.64927181227231,
    "best_val_ppl": 18.17156424420474,
    "cache_hit_rate": 0.999,
    "avg_graph_build_ms": 0.016260648996802046,
    "cache_persistent_bytes": 398336
  },
  "throughput_ratio_wayfinder_over_dense": 0.36599790750924555,
  "val_ppl_gap_wayfinder_minus_dense": -12.554678622927064
}