{
  "created_at": "2026-02-08T19:24:44.793106+00:00",
  "command": "scripts/bench_mlx_wayfinder_scale.py --seq-lens 2048 4096 --batch 2 --heads 4 --embd 128 --window 32 --landmark-stride 32 --warmup 2 --iters 4 --num-cycles 2 --out-dir /Volumes/VIXinSSD/wayfinder/benchmarks/mlx/e2e_validation_20260208_192216/idea1_disjoint_d2",
  "config": {
    "seq_lens": [
      2048,
      4096
    ],
    "batch": 2,
    "heads": 4,
    "embd": 128,
    "window": 32,
    "landmark_stride": 32,
    "num_cycles": 2,
    "strategy": "random",
    "regular_num_clusters": 8,
    "warmup": 2,
    "iters": 4,
    "graph_spec": null
  },
  "attention": [
    {
      "mode": "dense",
      "batch": 2,
      "heads": 4,
      "seq_len": 2048,
      "embd": 128,
      "tokens_per_sec": 1243323.512136113,
      "tokens_per_sec_mean": 1270477.1943796354,
      "tokens_per_sec_std": 92124.8660094667,
      "total_ms": 3.294395995908417,
      "attention_ms": 3.294395995908417,
      "permute_ms": 0.0,
      "graph_build_ms_first": 0.0,
      "graph_build_ms_cached": 0.0,
      "cache_hit_rate": 0.0,
      "peak_memory_bytes": 156516384,
      "persistent_cache_bytes": 0,
      "step_intermediate_bytes": 156516384,
      "largest_intermediate_bytes_proxy": 134217728,
      "memory_proxy": {
        "scores_fp32": 134217728,
        "weights_fp32": 134217728,
        "largest": 134217728
      }
    },
    {
      "mode": "wayfinder_sparse",
      "batch": 2,
      "heads": 4,
      "seq_len": 2048,
      "embd": 128,
      "tokens_per_sec": 417159.2594600307,
      "tokens_per_sec_mean": 415965.5861813518,
      "tokens_per_sec_std": 7427.530409166349,
      "total_ms": 9.81879200116964,
      "attention_ms": 0.09739600121974945,
      "permute_ms": 0.0,
      "graph_build_ms_first": 220.94095900654793,
      "graph_build_ms_cached": 0.0058335065841674805,
      "cache_hit_rate": 1.0,
      "peak_memory_bytes": 492896580,
      "persistent_cache_bytes": 11583488,
      "step_intermediate_bytes": 481313092,
      "largest_intermediate_bytes_proxy": 104857600,
      "memory_proxy": {
        "kv_gather": 104857600,
        "scores_fp32": 6553600,
        "weights_fp32": 6553600,
        "largest": 104857600
      }
    },
    {
      "mode": "wayfinder_permute",
      "batch": 2,
      "heads": 4,
      "seq_len": 2048,
      "embd": 128,
      "tokens_per_sec": 1655270.1819905012,
      "tokens_per_sec_mean": 1657808.223265131,
      "tokens_per_sec_std": 79847.02912649688,
      "total_ms": 2.4745205009821802,
      "attention_ms": 2.108708493411541,
      "permute_ms": 2.1083334907889366,
      "graph_build_ms_first": 201.80808298289776,
      "graph_build_ms_cached": 0.0021454915404319763,
      "cache_hit_rate": 1.0,
      "peak_memory_bytes": 67487700,
      "persistent_cache_bytes": 11583488,
      "step_intermediate_bytes": 55904212,
      "largest_intermediate_bytes_proxy": 104857600,
      "memory_proxy": {
        "kv_gather": 104857600,
        "scores_fp32": 6553600,
        "weights_fp32": 6553600,
        "largest": 104857600
      }
    },
    {
      "mode": "dense",
      "batch": 2,
      "heads": 4,
      "seq_len": 4096,
      "embd": 128,
      "tokens_per_sec": 733379.3278453453,
      "tokens_per_sec_mean": 730286.6715308496,
      "tokens_per_sec_std": 15945.117032560376,
      "total_ms": 11.170208497787826,
      "attention_ms": 11.170208497787826,
      "permute_ms": 0.0,
      "graph_build_ms_first": 0.0,
      "graph_build_ms_cached": 0.0,
      "cache_hit_rate": 0.0,
      "peak_memory_bytes": 601325612,
      "persistent_cache_bytes": 0,
      "step_intermediate_bytes": 601325612,
      "largest_intermediate_bytes_proxy": 536870912,
      "memory_proxy": {
        "scores_fp32": 536870912,
        "weights_fp32": 536870912,
        "largest": 536870912
      }
    },
    {
      "mode": "wayfinder_sparse",
      "batch": 2,
      "heads": 4,
      "seq_len": 4096,
      "embd": 128,
      "tokens_per_sec": 268251.1868036328,
      "tokens_per_sec_mean": 268325.4870753133,
      "tokens_per_sec_std": 1715.7648692956168,
      "total_ms": 30.538541497662663,
      "attention_ms": 0.10052099823951721,
      "permute_ms": 0.0,
      "graph_build_ms_first": 540.4849160164595,
      "graph_build_ms_cached": 0.006041496992111206,
      "cache_hit_rate": 1.0,
      "peak_memory_bytes": 1571373380,
      "persistent_cache_bytes": 33652736,
      "step_intermediate_bytes": 1537720644,
      "largest_intermediate_bytes_proxy": 343932928,
      "memory_proxy": {
        "kv_gather": 343932928,
        "scores_fp32": 21495808,
        "weights_fp32": 21495808,
        "largest": 343932928
      }
    },
    {
      "mode": "wayfinder_permute",
      "batch": 2,
      "heads": 4,
      "seq_len": 4096,
      "embd": 128,
      "tokens_per_sec": 1771466.5434987657,
      "tokens_per_sec_mean": 1801206.6475302107,
      "tokens_per_sec_std": 56339.294007787335,
      "total_ms": 4.624417000741232,
      "attention_ms": 4.3094164952635765,
      "permute_ms": 4.308895498514175,
      "graph_build_ms_first": 541.8642499893904,
      "graph_build_ms_cached": 0.0032085031270980835,
      "cache_hit_rate": 1.0,
      "peak_memory_bytes": 145445076,
      "persistent_cache_bytes": 33652736,
      "step_intermediate_bytes": 111792340,
      "largest_intermediate_bytes_proxy": 343932928,
      "memory_proxy": {
        "kv_gather": 343932928,
        "scores_fp32": 21495808,
        "weights_fp32": 21495808,
        "largest": 343932928
      }
    }
  ],
  "block": [
    {
      "mode": "dense",
      "seq_len": 2048,
      "block_tokens_per_sec": 1145006.9049979404,
      "block_latency_ms": 3.5772710034507327,
      "block_peak_memory_bytes": 177253420,
      "block_persistent_cache_bytes": 0,
      "block_step_intermediate_bytes": 177253420
    },
    {
      "mode": "wayfinder_sparse",
      "seq_len": 2048,
      "block_tokens_per_sec": 406619.82255779195,
      "block_latency_ms": 10.073291494336445,
      "block_peak_memory_bytes": 513633604,
      "block_persistent_cache_bytes": 11583488,
      "block_step_intermediate_bytes": 502050116
    },
    {
      "mode": "wayfinder_permute",
      "seq_len": 2048,
      "block_tokens_per_sec": 1402679.6798341742,
      "block_latency_ms": 2.9201249999459833,
      "block_peak_memory_bytes": 77730772,
      "block_persistent_cache_bytes": 11583488,
      "block_step_intermediate_bytes": 66147284
    },
    {
      "mode": "dense",
      "seq_len": 4096,
      "block_tokens_per_sec": 669491.8484753072,
      "block_latency_ms": 12.236145994393155,
      "block_peak_memory_bytes": 642010156,
      "block_persistent_cache_bytes": 0,
      "block_step_intermediate_bytes": 642010156
    },
    {
      "mode": "wayfinder_sparse",
      "seq_len": 4096,
      "block_tokens_per_sec": 262448.6125836571,
      "block_latency_ms": 31.213729496812448,
      "block_peak_memory_bytes": 1601096908,
      "block_persistent_cache_bytes": 33652736,
      "block_step_intermediate_bytes": 1567444172
    },
    {
      "mode": "wayfinder_permute",
      "seq_len": 4096,
      "block_tokens_per_sec": 1528049.3221119537,
      "block_latency_ms": 5.361083494790364,
      "block_peak_memory_bytes": 165141716,
      "block_persistent_cache_bytes": 33652736,
      "block_step_intermediate_bytes": 131488980
    }
  ]
}