{
  "created_at": "2026-02-08T19:25:59.273296+00:00",
  "command": "scripts/bench_mlx_wayfinder_scale.py --seq-lens 2048 4096 --batch 2 --heads 4 --embd 128 --window 32 --landmark-stride 32 --warmup 2 --iters 4 --strategy regular_partition --regular-num-clusters 16 --num-cycles 1 --out-dir /Volumes/VIXinSSD/wayfinder/benchmarks/mlx/e2e_validation_20260208_192216/idea5_reg16",
  "config": {
    "seq_lens": [
      2048,
      4096
    ],
    "batch": 2,
    "heads": 4,
    "embd": 128,
    "window": 32,
    "landmark_stride": 32,
    "num_cycles": 1,
    "strategy": "regular_partition",
    "regular_num_clusters": 16,
    "warmup": 2,
    "iters": 4,
    "graph_spec": null
  },
  "attention": [
    {
      "mode": "dense",
      "batch": 2,
      "heads": 4,
      "seq_len": 2048,
      "embd": 128,
      "tokens_per_sec": 1349551.0088642268,
      "tokens_per_sec_mean": 1346095.4465232717,
      "tokens_per_sec_std": 49564.935458309454,
      "total_ms": 3.035083500435576,
      "attention_ms": 3.035083500435576,
      "permute_ms": 0.0,
      "graph_build_ms_first": 0.0,
      "graph_build_ms_cached": 0.0,
      "cache_hit_rate": 0.0,
      "peak_memory_bytes": 156516384,
      "persistent_cache_bytes": 0,
      "step_intermediate_bytes": 156516384,
      "largest_intermediate_bytes_proxy": 134217728,
      "memory_proxy": {
        "scores_fp32": 134217728,
        "weights_fp32": 134217728,
        "largest": 134217728
      }
    },
    {
      "mode": "wayfinder_sparse",
      "batch": 2,
      "heads": 4,
      "seq_len": 2048,
      "embd": 128,
      "tokens_per_sec": 433582.5568088697,
      "tokens_per_sec_mean": 429741.0214686586,
      "tokens_per_sec_std": 8572.760225763946,
      "total_ms": 9.446874501009006,
      "attention_ms": 0.08781199902296066,
      "permute_ms": 0.0,
      "graph_build_ms_first": 190.3509170114994,
      "graph_build_ms_cached": 0.005666501820087433,
      "cache_hit_rate": 1.0,
      "peak_memory_bytes": 483426628,
      "persistent_cache_bytes": 11354112,
      "step_intermediate_bytes": 472072516,
      "largest_intermediate_bytes_proxy": 102760448,
      "memory_proxy": {
        "kv_gather": 102760448,
        "scores_fp32": 6422528,
        "weights_fp32": 6422528,
        "largest": 102760448
      }
    },
    {
      "mode": "wayfinder_permute",
      "batch": 2,
      "heads": 4,
      "seq_len": 2048,
      "embd": 128,
      "tokens_per_sec": 3210397.4286508686,
      "tokens_per_sec_mean": 3171011.7042380003,
      "tokens_per_sec_std": 247232.22520635577,
      "total_ms": 1.2758544980897568,
      "attention_ms": 1.08941650390625,
      "permute_ms": 1.0890835002064705,
      "graph_build_ms_first": 172.41858400404453,
      "graph_build_ms_cached": 0.0027709901332855225,
      "cache_hit_rate": 1.0,
      "peak_memory_bytes": 67258324,
      "persistent_cache_bytes": 11354112,
      "step_intermediate_bytes": 55904212,
      "largest_intermediate_bytes_proxy": 102760448,
      "memory_proxy": {
        "kv_gather": 102760448,
        "scores_fp32": 6422528,
        "weights_fp32": 6422528,
        "largest": 102760448
      }
    },
    {
      "mode": "dense",
      "batch": 2,
      "heads": 4,
      "seq_len": 4096,
      "embd": 128,
      "tokens_per_sec": 692660.9564264164,
      "tokens_per_sec_mean": 692408.4830969663,
      "tokens_per_sec_std": 26093.113489244603,
      "total_ms": 11.826853995444253,
      "attention_ms": 11.826853995444253,
      "permute_ms": 0.0,
      "graph_build_ms_first": 0.0,
      "graph_build_ms_cached": 0.0,
      "cache_hit_rate": 0.0,
      "peak_memory_bytes": 601096236,
      "persistent_cache_bytes": 0,
      "step_intermediate_bytes": 601096236,
      "largest_intermediate_bytes_proxy": 536870912,
      "memory_proxy": {
        "scores_fp32": 536870912,
        "weights_fp32": 536870912,
        "largest": 536870912
      }
    },
    {
      "mode": "wayfinder_sparse",
      "batch": 2,
      "heads": 4,
      "seq_len": 4096,
      "embd": 128,
      "tokens_per_sec": 269471.0958518858,
      "tokens_per_sec_mean": 268862.52633826545,
      "tokens_per_sec_std": 3518.2730215578913,
      "total_ms": 30.400292002013884,
      "attention_ms": 0.11533299088478088,
      "permute_ms": 0.0,
      "graph_build_ms_first": 541.1028340011835,
      "graph_build_ms_cached": 0.006187997758388519,
      "cache_hit_rate": 1.0,
      "peak_memory_bytes": 1552466244,
      "persistent_cache_bytes": 33193984,
      "step_intermediate_bytes": 1519272260,
      "largest_intermediate_bytes_proxy": 339738624,
      "memory_proxy": {
        "kv_gather": 339738624,
        "scores_fp32": 21233664,
        "weights_fp32": 21233664,
        "largest": 339738624
      }
    },
    {
      "mode": "wayfinder_permute",
      "batch": 2,
      "heads": 4,
      "seq_len": 4096,
      "embd": 128,
      "tokens_per_sec": 3459794.035154872,
      "tokens_per_sec_mean": 3312567.436488968,
      "tokens_per_sec_std": 272395.391935177,
      "total_ms": 2.367771005083341,
      "attention_ms": 2.0663129910826683,
      "permute_ms": 2.0657499954104424,
      "graph_build_ms_first": 565.8652500063181,
      "graph_build_ms_cached": 0.00593750923871994,
      "cache_hit_rate": 1.0,
      "peak_memory_bytes": 144986324,
      "persistent_cache_bytes": 33193984,
      "step_intermediate_bytes": 111792340,
      "largest_intermediate_bytes_proxy": 339738624,
      "memory_proxy": {
        "kv_gather": 339738624,
        "scores_fp32": 21233664,
        "weights_fp32": 21233664,
        "largest": 339738624
      }
    }
  ],
  "block": [
    {
      "mode": "dense",
      "seq_len": 2048,
      "block_tokens_per_sec": 1115753.118555122,
      "block_latency_ms": 3.6710630083689466,
      "block_peak_memory_bytes": 177253420,
      "block_persistent_cache_bytes": 0,
      "block_step_intermediate_bytes": 177253420
    },
    {
      "mode": "wayfinder_sparse",
      "seq_len": 2048,
      "block_tokens_per_sec": 405682.6270337165,
      "block_latency_ms": 10.096562502440065,
      "block_peak_memory_bytes": 504163652,
      "block_persistent_cache_bytes": 11354112,
      "block_step_intermediate_bytes": 492809540
    },
    {
      "mode": "wayfinder_permute",
      "seq_len": 2048,
      "block_tokens_per_sec": 2219953.733791589,
      "block_latency_ms": 1.8450834977556951,
      "block_peak_memory_bytes": 75412436,
      "block_persistent_cache_bytes": 11354112,
      "block_step_intermediate_bytes": 64058324
    },
    {
      "mode": "dense",
      "seq_len": 4096,
      "block_tokens_per_sec": 634131.4110370622,
      "block_latency_ms": 12.918458000058308,
      "block_peak_memory_bytes": 641780780,
      "block_persistent_cache_bytes": 0,
      "block_step_intermediate_bytes": 641780780
    },
    {
      "mode": "wayfinder_sparse",
      "seq_len": 4096,
      "block_tokens_per_sec": 261592.7382883816,
      "block_latency_ms": 31.31585400115,
      "block_peak_memory_bytes": 1582419156,
      "block_persistent_cache_bytes": 33193984,
      "block_step_intermediate_bytes": 1549225172
    },
    {
      "mode": "wayfinder_permute",
      "seq_len": 4096,
      "block_tokens_per_sec": 2385353.716889706,
      "block_latency_ms": 3.434291502344422,
      "block_peak_memory_bytes": 160505044,
      "block_persistent_cache_bytes": 33193984,
      "block_step_intermediate_bytes": 127311060
    }
  ]
}