{
  "created_at": "2026-02-07T05:37:05.940662+00:00",
  "command": "scripts/bench_qwen3_4b_baseline_mlx.py --model-path mlx-community/Qwen3-4B-4bit --seq-lens 2048 8192 32768 --batch 1 --warmup 1 --iters 2",
  "model_path": "mlx-community/Qwen3-4B-4bit",
  "tokenizer_name": "<cache>/hub/models--mlx-community--Qwen3-4B-4bit/snapshots/4dcb3d101c2a062e5c1d4bb173588c54ea6c4d25",
  "model_config": {
    "model_type": "qwen3",
    "num_attention_heads": 32,
    "num_key_value_heads": 8,
    "hidden_size": 2560,
    "max_position_embeddings": 40960,
    "rope_scaling": null
  },
  "results": [
    {
      "seq_len": 2048,
      "batch": 1,
      "attention": {
        "tokens_per_sec": 137063.311470846,
        "latency_ms": 14.942000000019107,
        "peak_memory_bytes": 98632228
      },
      "block": {
        "tokens_per_sec": 45055.17774293271,
        "latency_ms": 45.45537500007413,
        "peak_memory_bytes": 251865636
      }
    },
    {
      "seq_len": 8192,
      "batch": 1,
      "attention": {
        "tokens_per_sec": 83529.24307336715,
        "latency_ms": 98.0734375002612,
        "peak_memory_bytes": 392374820
      },
      "block": {
        "tokens_per_sec": 36669.37722537853,
        "latency_ms": 223.4016669999619,
        "peak_memory_bytes": 836971044
      }
    },
    {
      "seq_len": 32768,
      "batch": 1,
      "attention": {
        "tokens_per_sec": 31931.249587374186,
        "latency_ms": 1026.2047500000335,
        "peak_memory_bytes": 1399007780
      },
      "block": {
        "tokens_per_sec": 21400.054663398972,
        "latency_ms": 1531.2110419999954,
        "peak_memory_bytes": 3009620516
      }
    }
  ]
}