{
  "created_at": "2026-02-07T05:03:59.319302+00:00",
  "config": {
    "steps_grid": [
      500
    ],
    "window_sizes": [
      2,
      4,
      8
    ],
    "window_drop_max": [
      0.7,
      0.9,
      0.95
    ],
    "bias_cycle_max": [
      0.8,
      1.2,
      2.0
    ],
    "landmark_strides": [
      "off"
    ],
    "max_runs": 12
  },
  "num_runs": 12,
  "best": {
    "run_idx": 7,
    "steps": 500,
    "window_size": 2,
    "window_drop_max": 0.95,
    "bias_cycle_max": 0.8,
    "landmark_stride": "off",
    "dense_val_ppl": 69.1246192777411,
    "val_ppl": 30.37174322414833,
    "ppl_gap": -38.75287605359277,
    "dense_tok_s": 350842.8138377905,
    "tok_s": 251990.79744531406,
    "tok_s_ratio": 0.7182441466845038,
    "cycle_pct": 11.44205555319786,
    "window_pct": 88.55794668197632,
    "landmark_pct": 0.0,
    "rewire_pct": 0.0,
    "reachability": 91.650390625,
    "shortcut_rate": 0.984375,
    "cache_hit_rate": 1.0,
    "avg_graph_build_ms": 0.0012499999720603228
  },
  "qualified_hits": 1,
  "summary_csv": "runs/mlx/ablations_cycle_push/20260207_050331/summary.csv"
}