{
  "dense": {
    "run": "dense",
    "attn": "dense",
    "steps": 1000,
    "final_train_loss": 0.10019370913505554,
    "final_train_ppl": 1.1053850205144062,
    "avg_tokens_per_sec": 381276.73509647645,
    "last_tokens_per_sec": 403719.26326490944,
    "peak_memory_bytes": 120725896,
    "final_val_loss": 6.575784921646118,
    "final_val_ppl": 717.5085914052921,
    "best_val_ppl": 18.629008997663917
  },
  "wayfinder": {
    "run": "wayfinder",
    "attn": "wayfinder_permute",
    "steps": 1000,
    "final_train_loss": 1.573284387588501,
    "final_train_ppl": 4.822461042993262,
    "avg_tokens_per_sec": 218823.10403951837,
    "last_tokens_per_sec": 232584.1277543392,
    "peak_memory_bytes": 121956224,
    "final_val_loss": 4.381031632423401,
    "final_val_ppl": 79.92043940800953,
    "best_val_ppl": 20.429471953608626,
    "cache_hit_rate": 0.999,
    "avg_graph_build_ms": 0.013645758002996444,
    "cache_persistent_bytes": 402432
  },
  "throughput_ratio_wayfinder_over_dense": 0.5739219939138128,
  "val_ppl_gap_wayfinder_minus_dense": -637.5881519972826
}