{
  "created_at": "2026-02-07T04:59:38.585052+00:00",
  "command": "scripts/bench_mlx_wayfinder_scale.py --seq-lens 256 512 1024 2048 4096 --batch 2 --heads 4 --embd 128 --window 32 --landmark-stride 32 --warmup 2 --iters 4",
  "config": {
    "seq_lens": [
      256,
      512,
      1024,
      2048,
      4096
    ],
    "batch": 2,
    "heads": 4,
    "embd": 128,
    "window": 32,
    "landmark_stride": 32,
    "num_cycles": 1,
    "strategy": "random",
    "warmup": 2,
    "iters": 4,
    "graph_spec": null
  },
  "attention": [
    {
      "mode": "dense",
      "batch": 2,
      "heads": 4,
      "seq_len": 256,
      "embd": 128,
      "tokens_per_sec": 1254901.960805596,
      "tokens_per_sec_mean": 1259809.20830243,
      "tokens_per_sec_std": 54709.36127119758,
      "total_ms": 0.40799999999308056,
      "attention_ms": 0.40799999999308056,
      "permute_ms": 0.0,
      "graph_build_ms_first": 0.0,
      "graph_build_ms_cached": 0.0,
      "cache_hit_rate": 0.0,
      "peak_memory_bytes": 10700832,
      "persistent_cache_bytes": 0,
      "step_intermediate_bytes": 10700832,
      "largest_intermediate_bytes_proxy": 2097152,
      "memory_proxy": {
        "scores_fp32": 2097152,
        "weights_fp32": 2097152,
        "largest": 2097152
      }
    },
    {
      "mode": "hha_sparse",
      "batch": 2,
      "heads": 4,
      "seq_len": 256,
      "embd": 128,
      "tokens_per_sec": 440019.98995371495,
      "tokens_per_sec_mean": 438562.32445662044,
      "tokens_per_sec_std": 6993.8485805854825,
      "total_ms": 1.1635835000447514,
      "attention_ms": 0.06712499994318932,
      "permute_ms": 0.0,
      "graph_build_ms_first": 59.989915999933146,
      "graph_build_ms_cached": 0.0022295000380836427,
      "cache_hit_rate": 1.0,
      "peak_memory_bytes": 28297540,
      "persistent_cache_bytes": 837632,
      "step_intermediate_bytes": 27459908,
      "largest_intermediate_bytes_proxy": 5505024,
      "memory_proxy": {
        "kv_gather": 5505024,
        "scores_fp32": 344064,
        "weights_fp32": 344064,
        "largest": 5505024
      }
    },
    {
      "mode": "hha_permute",
      "batch": 2,
      "heads": 4,
      "seq_len": 256,
      "embd": 128,
      "tokens_per_sec": 487648.0742903746,
      "tokens_per_sec_mean": 480683.2010101836,
      "tokens_per_sec_std": 16564.83742258423,
      "total_ms": 1.049937499999487,
      "attention_ms": 0.09633299999404699,
      "permute_ms": 0.0,
      "graph_build_ms_first": 15.835500000161119,
      "graph_build_ms_cached": 0.0015624999650754035,
      "cache_hit_rate": 1.0,
      "peak_memory_bytes": 43573860,
      "persistent_cache_bytes": 837632,
      "step_intermediate_bytes": 42736228,
      "largest_intermediate_bytes_proxy": 5505024,
      "memory_proxy": {
        "kv_gather": 5505024,
        "scores_fp32": 344064,
        "weights_fp32": 344064,
        "largest": 5505024
      }
    },
    {
      "mode": "dense",
      "batch": 2,
      "heads": 4,
      "seq_len": 512,
      "embd": 128,
      "tokens_per_sec": 2131481.6089128177,
      "tokens_per_sec_mean": 2132350.5385744995,
      "tokens_per_sec_std": 49428.89689544308,
      "total_ms": 0.48041699994882947,
      "attention_ms": 0.48041699994882947,
      "permute_ms": 0.0,
      "graph_build_ms_first": 0.0,
      "graph_build_ms_cached": 0.0,
      "cache_hit_rate": 0.0,
      "peak_memory_bytes": 41365548,
      "persistent_cache_bytes": 0,
      "step_intermediate_bytes": 41365548,
      "largest_intermediate_bytes_proxy": 8388608,
      "memory_proxy": {
        "scores_fp32": 8388608,
        "weights_fp32": 8388608,
        "largest": 8388608
      }
    },
    {
      "mode": "hha_sparse",
      "batch": 2,
      "heads": 4,
      "seq_len": 512,
      "embd": 128,
      "tokens_per_sec": 738184.275722301,
      "tokens_per_sec_mean": 694141.1437589438,
      "tokens_per_sec_std": 90293.28052287939,
      "total_ms": 1.3871875000290856,
      "attention_ms": 0.07610399997793138,
      "permute_ms": 0.0,
      "graph_build_ms_first": 46.04812499997206,
      "graph_build_ms_cached": 0.0021249999990686774,
      "cache_hit_rate": 1.0,
      "peak_memory_bytes": 68510020,
      "persistent_cache_bytes": 1839104,
      "step_intermediate_bytes": 66670916,
      "largest_intermediate_bytes_proxy": 13107200,
      "memory_proxy": {
        "kv_gather": 13107200,
        "scores_fp32": 819200,
        "weights_fp32": 819200,
        "largest": 13107200
      }
    },
    {
      "mode": "hha_permute",
      "batch": 2,
      "heads": 4,
      "seq_len": 512,
      "embd": 128,
      "tokens_per_sec": 526134.3358789543,
      "tokens_per_sec_mean": 525671.5379823043,
      "tokens_per_sec_std": 35481.8985519779,
      "total_ms": 1.9462709999515937,
      "attention_ms": 0.13039599999319762,
      "permute_ms": 0.0,
      "graph_build_ms_first": 32.14379100012593,
      "graph_build_ms_cached": 0.0039370000013150275,
      "cache_hit_rate": 1.0,
      "peak_memory_bytes": 88818276,
      "persistent_cache_bytes": 1839104,
      "step_intermediate_bytes": 86979172,
      "largest_intermediate_bytes_proxy": 13107200,
      "memory_proxy": {
        "kv_gather": 13107200,
        "scores_fp32": 819200,
        "weights_fp32": 819200,
        "largest": 13107200
      }
    },
    {
      "mode": "dense",
      "batch": 2,
      "heads": 4,
      "seq_len": 1024,
      "embd": 128,
      "tokens_per_sec": 1173526.6596482624,
      "tokens_per_sec_mean": 1106618.3498327336,
      "tokens_per_sec_std": 140987.39876925264,
      "total_ms": 1.7451669999672959,
      "attention_ms": 1.7451669999672959,
      "permute_ms": 0.0,
      "graph_build_ms_first": 0.0,
      "graph_build_ms_cached": 0.0,
      "cache_hit_rate": 0.0,
      "peak_memory_bytes": 152215600,
      "persistent_cache_bytes": 0,
      "step_intermediate_bytes": 152215600,
      "largest_intermediate_bytes_proxy": 33554432,
      "memory_proxy": {
        "scores_fp32": 33554432,
        "weights_fp32": 33554432,
        "largest": 33554432
      }
    },
    {
      "mode": "hha_sparse",
      "batch": 2,
      "heads": 4,
      "seq_len": 1024,
      "embd": 128,
      "tokens_per_sec": 547523.458895824,
      "tokens_per_sec_mean": 534132.8059425125,
      "tokens_per_sec_std": 78664.11543175012,
      "total_ms": 3.7404789999868626,
      "attention_ms": 0.07431249995715916,
      "permute_ms": 0.0,
      "graph_build_ms_first": 73.01650000002701,
      "graph_build_ms_cached": 0.004000500019174069,
      "cache_hit_rate": 1.0,
      "peak_memory_bytes": 174295364,
      "persistent_cache_bytes": 4333568,
      "step_intermediate_bytes": 169961796,
      "largest_intermediate_bytes_proxy": 34603008,
      "memory_proxy": {
        "kv_gather": 34603008,
        "scores_fp32": 2162688,
        "weights_fp32": 2162688,
        "largest": 34603008
      }
    },
    {
      "mode": "hha_permute",
      "batch": 2,
      "heads": 4,
      "seq_len": 1024,
      "embd": 128,
      "tokens_per_sec": 546819.920430149,
      "tokens_per_sec_mean": 533218.0891044284,
      "tokens_per_sec_std": 76324.46681475834,
      "total_ms": 3.745291499967607,
      "attention_ms": 0.10285399999702349,
      "permute_ms": 0.0,
      "graph_build_ms_first": 72.05120900005568,
      "graph_build_ms_cached": 0.003229500027373433,
      "cache_hit_rate": 1.0,
      "peak_memory_bytes": 180210276,
      "persistent_cache_bytes": 4333568,
      "step_intermediate_bytes": 175876708,
      "largest_intermediate_bytes_proxy": 34603008,
      "memory_proxy": {
        "kv_gather": 34603008,
        "scores_fp32": 2162688,
        "weights_fp32": 2162688,
        "largest": 34603008
      }
    },
    {
      "mode": "dense",
      "batch": 2,
      "heads": 4,
      "seq_len": 2048,
      "embd": 128,
      "tokens_per_sec": 480135.985390353,
      "tokens_per_sec_mean": 480054.6495444757,
      "tokens_per_sec_std": 18955.268618063976,