{
  "created_at": "2026-02-08T19:25:52.734348+00:00",
  "command": "scripts/bench_mlx_wayfinder_scale.py --seq-lens 2048 4096 --batch 2 --heads 4 --embd 128 --window 32 --landmark-stride 32 --warmup 2 --iters 4 --strategy regular_partition --regular-num-clusters 8 --num-cycles 1 --out-dir /Volumes/VIXinSSD/wayfinder/benchmarks/mlx/e2e_validation_20260208_192216/idea5_reg8",
  "config": {
    "seq_lens": [
      2048,
      4096
    ],
    "batch": 2,
    "heads": 4,
    "embd": 128,
    "window": 32,
    "landmark_stride": 32,
    "num_cycles": 1,
    "strategy": "regular_partition",
    "regular_num_clusters": 8,
    "warmup": 2,
    "iters": 4,
    "graph_spec": null
  },
  "attention": [
    {
      "mode": "dense",
      "batch": 2,
      "heads": 4,
      "seq_len": 2048,
      "embd": 128,
      "tokens_per_sec": 1360995.1593108296,
      "tokens_per_sec_mean": 1358334.5203824278,
      "tokens_per_sec_std": 69375.48628377791,
      "total_ms": 3.009562504303176,
      "attention_ms": 3.009562504303176,
      "permute_ms": 0.0,
      "graph_build_ms_first": 0.0,
      "graph_build_ms_cached": 0.0,
      "cache_hit_rate": 0.0,
      "peak_memory_bytes": 156516384,
      "persistent_cache_bytes": 0,
      "step_intermediate_bytes": 156516384,
      "largest_intermediate_bytes_proxy": 134217728,
      "memory_proxy": {
        "scores_fp32": 134217728,
        "weights_fp32": 134217728,
        "largest": 134217728
      }
    },
    {
      "mode": "wayfinder_sparse",
      "batch": 2,
      "heads": 4,
      "seq_len": 2048,
      "embd": 128,
      "tokens_per_sec": 438880.64619866456,
      "tokens_per_sec_mean": 437508.7504406605,
      "tokens_per_sec_std": 2703.741106052776,
      "total_ms": 9.33283350605052,
      "attention_ms": 0.08312500268220901,
      "permute_ms": 0.0,
      "graph_build_ms_first": 191.00133299827576,
      "graph_build_ms_cached": 0.0039375051856040955,
      "cache_hit_rate": 1.0,
      "peak_memory_bytes": 483426628,
      "persistent_cache_bytes": 11354112,
      "step_intermediate_bytes": 472072516,
      "largest_intermediate_bytes_proxy": 102760448,
      "memory_proxy": {
        "kv_gather": 102760448,
        "scores_fp32": 6422528,
        "weights_fp32": 6422528,
        "largest": 102760448
      }
    },
    {
      "mode": "wayfinder_permute",
      "batch": 2,
      "heads": 4,
      "seq_len": 2048,
      "embd": 128,
      "tokens_per_sec": 2931865.967780897,
      "tokens_per_sec_mean": 2934798.1971264593,
      "tokens_per_sec_std": 354435.0380553218,
      "total_ms": 1.3970625004731119,
      "attention_ms": 1.1874789968132973,
      "permute_ms": 1.187208503484726,
      "graph_build_ms_first": 173.46195800602436,
      "graph_build_ms_cached": 0.0017294958233833313,
      "cache_hit_rate": 1.0,
      "peak_memory_bytes": 67258324,
      "persistent_cache_bytes": 11354112,
      "step_intermediate_bytes": 55904212,
      "largest_intermediate_bytes_proxy": 102760448,
      "memory_proxy": {
        "kv_gather": 102760448,
        "scores_fp32": 6422528,
        "weights_fp32": 6422528,
        "largest": 102760448
      }
    },
    {
      "mode": "dense",
      "batch": 2,
      "heads": 4,
      "seq_len": 4096,
      "embd": 128,
      "tokens_per_sec": 720768.5334217446,
      "tokens_per_sec_mean": 721031.3640185468,
      "tokens_per_sec_std": 7332.652881447378,
      "total_ms": 11.36564600165002,
      "attention_ms": 11.36564600165002,
      "permute_ms": 0.0,
      "graph_build_ms_first": 0.0,
      "graph_build_ms_cached": 0.0,
      "cache_hit_rate": 0.0,
      "peak_memory_bytes": 601096236,
      "persistent_cache_bytes": 0,
      "step_intermediate_bytes": 601096236,
      "largest_intermediate_bytes_proxy": 536870912,
      "memory_proxy": {
        "scores_fp32": 536870912,
        "weights_fp32": 536870912,
        "largest": 536870912
      }
    },
    {
      "mode": "wayfinder_sparse",
      "batch": 2,
      "heads": 4,
      "seq_len": 4096,
      "embd": 128,
      "tokens_per_sec": 271430.3533298603,
      "tokens_per_sec_mean": 271694.14590818976,
      "tokens_per_sec_std": 1376.308020876419,
      "total_ms": 30.18085449730279,
      "attention_ms": 0.09779149293899536,
      "permute_ms": 0.0,
      "graph_build_ms_first": 490.3011250048876,
      "graph_build_ms_cached": 0.006187506020069122,
      "cache_hit_rate": 1.0,
      "peak_memory_bytes": 1552466244,
      "persistent_cache_bytes": 33193984,
      "step_intermediate_bytes": 1519272260,
      "largest_intermediate_bytes_proxy": 339738624,
      "memory_proxy": {
        "kv_gather": 339738624,
        "scores_fp32": 21233664,
        "weights_fp32": 21233664,
        "largest": 339738624
      }
    },
    {
      "mode": "wayfinder_permute",
      "batch": 2,
      "heads": 4,
      "seq_len": 4096,
      "embd": 128,
      "tokens_per_sec": 3637419.6025046785,
      "tokens_per_sec_mean": 3622709.672128085,
      "tokens_per_sec_std": 321803.8266223657,
      "total_ms": 2.252145997772459,
      "attention_ms": 2.0129579976201057,
      "permute_ms": 2.0125629976391792,
      "graph_build_ms_first": 493.54662500321865,
      "graph_build_ms_cached": 0.0017920061945915222,
      "cache_hit_rate": 1.0,
      "peak_memory_bytes": 144986324,
      "persistent_cache_bytes": 33193984,
      "step_intermediate_bytes": 111792340,
      "largest_intermediate_bytes_proxy": 339738624,
      "memory_proxy": {
        "kv_gather": 339738624,
        "scores_fp32": 21233664,
        "weights_fp32": 21233664,
        "largest": 339738624
      }
    }
  ],
  "block": [
    {
      "mode": "dense",
      "seq_len": 2048,
      "block_tokens_per_sec": 1116881.5440619935,
      "block_latency_ms": 3.6673540016636252,
      "block_peak_memory_bytes": 177253420,
      "block_persistent_cache_bytes": 0,
      "block_step_intermediate_bytes": 177253420
    },
    {
      "mode": "wayfinder_sparse",
      "seq_len": 2048,
      "block_tokens_per_sec": 415523.8113094783,
      "block_latency_ms": 9.857437500613742,
      "block_peak_memory_bytes": 504163652,
      "block_persistent_cache_bytes": 11354112,
      "block_step_intermediate_bytes": 492809540
    },
    {
      "mode": "wayfinder_permute",
      "seq_len": 2048,
      "block_tokens_per_sec": 2179061.2668365813,
      "block_latency_ms": 1.8797085067490116,
      "block_peak_memory_bytes": 75412436,
      "block_persistent_cache_bytes": 11354112,
      "block_step_intermediate_bytes": 64058324
    },
    {
      "mode": "dense",
      "seq_len": 4096,
      "block_tokens_per_sec": 661834.969731722,
      "block_latency_ms": 12.377708000713028,
      "block_peak_memory_bytes": 641780780,
      "block_persistent_cache_bytes": 0,
      "block_step_intermediate_bytes": 641780780
    },
    {
      "mode": "wayfinder_sparse",
      "seq_len": 4096,
      "block_tokens_per_sec": 264979.4539488708,
      "block_latency_ms": 30.915604504116345,
      "block_peak_memory_bytes": 1582419156,
      "block_persistent_cache_bytes": 33193984,
      "block_step_intermediate_bytes": 1549225172
    },
    {
      "mode": "wayfinder_permute",
      "seq_len": 4096,
      "block_tokens_per_sec": 2398185.083970904,
      "block_latency_ms": 3.415916500671301,
      "block_peak_memory_bytes": 160505044,
      "block_persistent_cache_bytes": 33193984,
      "block_step_intermediate_bytes": 127311060
    }
  ]
}