{
  "run_root": "benchmarks/mlx/post_reboot_20260211_20260211T202821Z/happy_median_search_20260212T005058Z",
  "anchor": {
    "dense_accuracy": 0.5,
    "dense_itl_p95_mean": 0.014210569497663528,
    "dense_tok_per_sec": 70.37015653485372,
    "dense_ttft_mean": 0.2799360276646136,
    "dense_peak_memory_bytes_mean": 16920376558.5,
    "dense_peak_memory_gib_mean": 15.75832865992561,
    "baseline_wayfinder_accuracy": 0.3333333333333333,
    "baseline_drift": -0.16666666666666669
  },
  "candidates": [
    {
      "label": "c00_dense",
      "path": "benchmarks/mlx/post_reboot_20260211_20260211T202821Z/happy_median_search_20260212T005058Z/c00_dense/results.json",
      "accuracy": 0.5,
      "drift_vs_dense": 0.0,
      "drift_delta_vs_baseline": 0.16666666666666669,
      "drift_delta_pct_vs_baseline": 100.0,
      "itl_p95_mean": 0.013904465333325788,
      "tok_per_sec": 71.91934217011791,
      "ttft_mean": 0.3254149514929547,
      "peak_memory_bytes_mean": 16920382022.666666,
      "peak_memory_gib_mean": 15.758333748827377,
      "meets_quality_gate": true,
      "meets_memory_gate": true
    },
    {
      "label": "c01_full_wayfinder",
      "path": "benchmarks/mlx/post_reboot_20260211_20260211T202821Z/happy_median_search_20260212T005058Z/c01_full_wayfinder/results.json",
      "accuracy": 0.3333333333333333,
      "drift_vs_dense": -0.16666666666666669,
      "drift_delta_vs_baseline": 0.0,
      "drift_delta_pct_vs_baseline": 0.0,
      "itl_p95_mean": 0.07290268767004211,
      "tok_per_sec": 13.716915410937995,
      "ttft_mean": 0.46110513183036045,
      "peak_memory_bytes_mean": 16939175624.0,
      "peak_memory_gib_mean": 15.775836654007435,
      "meets_quality_gate": false,
      "meets_memory_gate": true
    },
    {
      "label": "c02_first8",
      "path": "benchmarks/mlx/post_reboot_20260211_20260211T202821Z/happy_median_search_20260212T005058Z/c02_first8/results.json",
      "accuracy": 0.3333333333333333,
      "drift_vs_dense": -0.16666666666666669,
      "drift_delta_vs_baseline": 0.0,
      "drift_delta_pct_vs_baseline": 0.0,
      "itl_p95_mean": 0.020660902664531022,
      "tok_per_sec": 48.40059586151188,
      "ttft_mean": 0.1990637500033093,
      "peak_memory_bytes_mean": 16924285889.666666,
      "peak_memory_gib_mean": 15.761969508292774,
      "meets_quality_gate": false,
      "meets_memory_gate": true
    },
    {
      "label": "c03_last4",
      "path": "benchmarks/mlx/post_reboot_20260211_20260211T202821Z/happy_median_search_20260212T005058Z/c03_last4/results.json",
      "accuracy": 0.5,
      "drift_vs_dense": 0.0,
      "drift_delta_vs_baseline": 0.16666666666666669,
      "drift_delta_pct_vs_baseline": 100.0,
      "itl_p95_mean": 0.017295923666097224,
      "tok_per_sec": 57.817091431789784,
      "ttft_mean": 0.20871439565962646,
      "peak_memory_bytes_mean": 16935885061.0,
      "peak_memory_gib_mean": 15.77277207840234,
      "meets_quality_gate": true,
      "meets_memory_gate": true
    },
    {
      "label": "c04_last6",
      "path": "benchmarks/mlx/post_reboot_20260211_20260211T202821Z/happy_median_search_20260212T005058Z/c04_last6/results.json",
      "accuracy": 0.3333333333333333,
      "drift_vs_dense": -0.16666666666666669,
      "drift_delta_vs_baseline": 0.0,
      "drift_delta_pct_vs_baseline": 0.0,
      "itl_p95_mean": 0.018651687836002868,
      "tok_per_sec": 53.61445080963268,
      "ttft_mean": 0.2647691319968241,
      "peak_memory_bytes_mean": 16938594460.0,
      "peak_memory_gib_mean": 15.775295402854681,
      "meets_quality_gate": false,
      "meets_memory_gate": true
    },
    {
      "label": "c05_last8",
      "path": "benchmarks/mlx/post_reboot_20260211_20260211T202821Z/happy_median_search_20260212T005058Z/c05_last8/results.json",
      "accuracy": 0.5,
      "drift_vs_dense": 0.0,
      "drift_delta_vs_baseline": 0.16666666666666669,
      "drift_delta_pct_vs_baseline": 100.0,
      "itl_p95_mean": 0.019660173338100623,
      "tok_per_sec": 50.864251438823295,
      "ttft_mean": 0.22286788200532706,
      "peak_memory_bytes_mean": 16938611117.166666,
      "peak_memory_gib_mean": 15.775310916050026,
      "meets_quality_gate": true,
      "meets_memory_gate": true
    },
    {
      "label": "c06_last10",
      "path": "benchmarks/mlx/post_reboot_20260211_20260211T202821Z/happy_median_search_20260212T005058Z/c06_last10/results.json",
      "accuracy": 0.5,
      "drift_vs_dense": 0.0,
      "drift_delta_vs_baseline": 0.16666666666666669,
      "drift_delta_pct_vs_baseline": 100.0,
      "itl_p95_mean": 0.026302618003683165,
      "tok_per_sec": 38.01902912706141,
      "ttft_mean": 0.26620287499584566,
      "peak_memory_bytes_mean": 16938704991.5,
      "peak_memory_gib_mean": 15.775398343335837,
      "meets_quality_gate": true,
      "meets_memory_gate": true
    },
    {
      "label": "c07_last12",
      "path": "benchmarks/mlx/post_reboot_20260211_20260211T202821Z/happy_median_search_20260212T005058Z/c07_last12/results.json",
      "accuracy": 0.5,
      "drift_vs_dense": 0.0,
      "drift_delta_vs_baseline": 0.16666666666666669,
      "drift_delta_pct_vs_baseline": 100.0,
      "itl_p95_mean": 0.022934402669003855,
      "tok_per_sec": 43.60261805952823,
      "ttft_mean": 0.21908236116966387,
      "peak_memory_bytes_mean": 16938689510.666666,
      "peak_memory_gib_mean": 15.77538392568628,
      "meets_quality_gate": true,
      "meets_memory_gate": true
    },
    {
      "label": "c08_band24_46",
      "path": "benchmarks/mlx/post_reboot_20260211_20260211T202821Z/happy_median_search_20260212T005058Z/c08_band24_46/results.json",
      "accuracy": 0.3333333333333333,
      "drift_vs_dense": -0.16666666666666669,
      "drift_delta_vs_baseline": 0.0,
      "drift_delta_pct_vs_baseline": 0.0,
      "itl_p95_mean": 0.030930048664837766,
      "tok_per_sec": 32.33101928923995,
      "ttft_mean": 0.23475745850494908,
      "peak_memory_bytes_mean": 16938835446.5,
      "peak_memory_gib_mean": 15.775519839022309,
      "meets_quality_gate": false,
      "meets_memory_gate": true
    },
    {
      "label": "c09_last8_q256",
      "path": "benchmarks/mlx/post_reboot_20260211_20260211T202821Z/happy_median_search_20260212T005058Z/c09_last8_q256/results.json",
      "accuracy": 0.5,
      "drift_vs_dense": 0.0,
      "drift_delta_vs_baseline": 0.16666666666666669,
      "drift_delta_pct_vs_baseline": 100.0,
      "itl_p95_mean": 0.020414603995353293,
      "tok_per_sec": 48.98454068605087,
      "ttft_mean": 0.2338044721642897,
      "peak_memory_bytes_mean": 16938588913.0,
      "peak_memory_gib_mean": 15.77529023680836,
      "meets_quality_gate": true,
      "meets_memory_gate": true
    },
    {
      "label": "c10_last8_h4",
      "path": "benchmarks/mlx/post_reboot_20260211_20260211T202821Z/happy_median_search_20260212T005058Z/c10_last8_h4/results.json",
      "accuracy": 0.5,
      "drift_vs_dense": 0.0,
      "drift_delta_vs_baseline": 0.16666666666666669,
      "drift_delta_pct_vs_baseline": 100.0,
      "itl_p95_mean": 0.02078213182782444,
      "tok_per_sec": 48.11825891033644,
      "ttft_mean": 0.23192995166755281,
      "peak_memory_bytes_mean": 16938616976.5,
      "peak_memory_gib_mean": 15.775316372979432,
      "meets_quality_gate": true,
      "meets_memory_gate": true
    },
    {
      "label": "c11_last8_t16384",
      "path": "benchmarks/mlx/post_reboot_20260211_20260211T202821Z/happy_median_search_20260212T005058Z/c11_last8_t16384/results.json",
      "accuracy": 0.5,
      "drift_vs_dense": 0.0,
      "drift_delta_vs_baseline": 0.16666666666666669,
      "drift_delta_pct_vs_baseline": 100.0,
      "itl_p95_mean": 0.020986617833841592,
      "tok_per_sec": 47.64941201661699,
      "ttft_mean": 0.2513516320080574,
      "peak_memory_bytes_mean": 16938615555.166666,
      "peak_memory_gib_mean": 15.775315049259612,
      "meets_quality_gate": true,
      "meets_memory_gate": true
    },
    {
      "label": "c12_last8_no_discovered",