{
  "dense": {
    "run": "dense",
    "attn": "dense",
    "steps": 1000,
    "final_train_loss": 0.09842273592948914,
    "final_train_ppl": 1.103429145673401,
    "avg_tokens_per_sec": 368289.1400201244,
    "last_tokens_per_sec": 393606.35672697437,
    "final_val_loss": 5.498466670513153,
    "final_val_ppl": 244.31702640984017,
    "best_val_ppl": 17.57875206901431
  },
  "wayfinder": {
    "run": "wayfinder",
    "attn": "wayfinder_sparse",
    "steps": 1000,
    "final_train_loss": 0.29610970616340637,
    "final_train_ppl": 1.3446176615857155,
    "avg_tokens_per_sec": 134595.94888322067,
    "last_tokens_per_sec": 153549.13685228614,
    "final_val_loss": 5.188315451145172,
    "final_val_ppl": 179.16648388298051,
    "best_val_ppl": 23.325028152447555,
    "cache_hit_rate": 0.999,
    "avg_graph_build_ms": 0.01630872600222938,
    "cache_persistent_bytes": 398336
  },
  "throughput_ratio_wayfinder_over_dense": 0.3654627146373796,
  "val_ppl_gap_wayfinder_minus_dense": -65.15054252685965
}