{
  "created_at": "2026-02-07T16:45:50.884189+00:00",
  "command": "scripts/bench_mlx_wayfinder_scale.py --seq-lens 256 512 1024 2048 4096 --batch 2 --heads 4 --embd 128 --window 32 --landmark-stride 32 --warmup 2 --iters 6 --out-dir benchmarks/mlx/tiny_wayfinder/20260207_tiny_baseline_gate_repro",
  "config": {
    "seq_lens": [
      256,
      512,
      1024,
      2048,
      4096
    ],
    "batch": 2,
    "heads": 4,
    "embd": 128,
    "window": 32,
    "landmark_stride": 32,
    "num_cycles": 1,
    "strategy": "random",
    "warmup": 2,
    "iters": 6,
    "graph_spec": null
  },
  "attention": [
    {
      "mode": "dense",
      "batch": 2,
      "heads": 4,
      "seq_len": 256,
      "embd": 128,
      "tokens_per_sec": 769611.7577083552,
      "tokens_per_sec_mean": 825231.7043412763,
      "tokens_per_sec_std": 249436.5906117802,
      "total_ms": 0.6652705014857929,
      "attention_ms": 0.6652705014857929,
      "permute_ms": 0.0,
      "graph_build_ms_first": 0.0,
      "graph_build_ms_cached": 0.0,
      "cache_hit_rate": 0.0,
      "peak_memory_bytes": 10700840,
      "persistent_cache_bytes": 0,
      "step_intermediate_bytes": 10700840,
      "largest_intermediate_bytes_proxy": 2097152,
      "memory_proxy": {
        "scores_fp32": 2097152,
        "weights_fp32": 2097152,
        "largest": 2097152
      }
    },
    {
      "mode": "wayfinder_sparse",
      "batch": 2,
      "heads": 4,
      "seq_len": 256,
      "embd": 128,
      "tokens_per_sec": 433217.63918167824,
      "tokens_per_sec_mean": 408061.85072631034,
      "tokens_per_sec_std": 71251.43107099217,
      "total_ms": 1.1818540006061085,
      "attention_ms": 0.06218750402331352,
      "permute_ms": 0.0,
      "graph_build_ms_first": 20.789209000766277,
      "graph_build_ms_cached": 0.0012494996190071106,
      "cache_hit_rate": 1.0,
      "peak_memory_bytes": 28297540,
      "persistent_cache_bytes": 837632,
      "step_intermediate_bytes": 27459908,
      "largest_intermediate_bytes_proxy": 5505024,
      "memory_proxy": {
        "kv_gather": 5505024,
        "scores_fp32": 344064,
        "weights_fp32": 344064,
        "largest": 5505024
      }
    },
    {
      "mode": "wayfinder_permute",
      "batch": 2,
      "heads": 4,
      "seq_len": 256,
      "embd": 128,
      "tokens_per_sec": 411183.22024685715,
      "tokens_per_sec_mean": 403243.0964115249,
      "tokens_per_sec_std": 90904.68559748685,
      "total_ms": 1.2451869988581166,
      "attention_ms": 0.09222950041294098,
      "permute_ms": 0.0,
      "graph_build_ms_first": 15.316042006015778,
      "graph_build_ms_cached": 0.0016039945185184479,
      "cache_hit_rate": 1.0,
      "peak_memory_bytes": 44647012,
      "persistent_cache_bytes": 837632,
      "step_intermediate_bytes": 43809380,
      "largest_intermediate_bytes_proxy": 5505024,
      "memory_proxy": {
        "kv_gather": 5505024,
        "scores_fp32": 344064,
        "weights_fp32": 344064,
        "largest": 5505024
      }
    },
    {
      "mode": "dense",
      "batch": 2,
      "heads": 4,
      "seq_len": 512,
      "embd": 128,
      "tokens_per_sec": 1999755.8781560275,
      "tokens_per_sec_mean": 1883734.2133385625,
      "tokens_per_sec_std": 325825.17734399805,
      "total_ms": 0.5120625028212089,
      "attention_ms": 0.5120625028212089,
      "permute_ms": 0.0,
      "graph_build_ms_first": 0.0,
      "graph_build_ms_cached": 0.0,
      "cache_hit_rate": 0.0,
      "peak_memory_bytes": 42504244,
      "persistent_cache_bytes": 0,
      "step_intermediate_bytes": 42504244,
      "largest_intermediate_bytes_proxy": 8388608,
      "memory_proxy": {
        "scores_fp32": 8388608,
        "weights_fp32": 8388608,
        "largest": 8388608
      }
    },
    {
      "mode": "wayfinder_sparse",
      "batch": 2,
      "heads": 4,
      "seq_len": 512,
      "embd": 128,
      "tokens_per_sec": 763194.0707977299,
      "tokens_per_sec_mean": 724036.1902307344,
      "tokens_per_sec_std": 82299.179098912,
      "total_ms": 1.341729501291411,
      "attention_ms": 0.05975000187754631,
      "permute_ms": 0.0,
      "graph_build_ms_first": 31.695959001779556,
      "graph_build_ms_cached": 0.0009585022926330566,
      "cache_hit_rate": 1.0,
      "peak_memory_bytes": 68493636,
      "persistent_cache_bytes": 1839104,
      "step_intermediate_bytes": 66654532,
      "largest_intermediate_bytes_proxy": 13107200,
      "memory_proxy": {
        "kv_gather": 13107200,
        "scores_fp32": 819200,
        "weights_fp32": 819200,
        "largest": 13107200
      }
    },
    {
      "mode": "wayfinder_permute",
      "batch": 2,
      "heads": 4,
      "seq_len": 512,
      "embd": 128,
      "tokens_per_sec": 560539.0369069208,
      "tokens_per_sec_mean": 533910.9625714443,
      "tokens_per_sec_std": 48921.88682825277,
      "total_ms": 1.8268130006617866,
      "attention_ms": 0.10920850187540054,
      "permute_ms": 0.0,
      "graph_build_ms_first": 31.096333004534245,
      "graph_build_ms_cached": 0.002417001873254776,
      "cache_hit_rate": 1.0,
      "peak_memory_bytes": 89891428,
      "persistent_cache_bytes": 1839104,
      "step_intermediate_bytes": 88052324,
      "largest_intermediate_bytes_proxy": 13107200,
      "memory_proxy": {
        "kv_gather": 13107200,
        "scores_fp32": 819200,
        "weights_fp32": 819200,
        "largest": 13107200
      }
    },
    {
      "mode": "dense",
      "batch": 2,
      "heads": 4,
      "seq_len": 1024,
      "embd": 128,
      "tokens_per_sec": 1154304.2075342478,
      "tokens_per_sec_mean": 1112732.9370050929,
      "tokens_per_sec_std": 100138.43458355166,
      "total_ms": 1.7742290001478978,
      "attention_ms": 1.7742290001478978,
      "permute_ms": 0.0,
      "graph_build_ms_first": 0.0,
      "graph_build_ms_cached": 0.0,
      "cache_hit_rate": 0.0,
      "peak_memory_bytes": 151093296,
      "persistent_cache_bytes": 0,
      "step_intermediate_bytes": 151093296,
      "largest_intermediate_bytes_proxy": 33554432,
      "memory_proxy": {
        "scores_fp32": 33554432,
        "weights_fp32": 33554432,
        "largest": 33554432
      }
    },
    {
      "mode": "wayfinder_sparse",
      "batch": 2,
      "heads": 4,
      "seq_len": 1024,
      "embd": 128,
      "tokens_per_sec": 559126.8447832216,
      "tokens_per_sec_mean": 566959.6861084539,
      "tokens_per_sec_std": 30713.21269423633,
      "total_ms": 3.6628540001402143,
      "attention_ms": 0.08191649988293648,
      "permute_ms": 0.0,
      "graph_build_ms_first": 76.82775000482798,
      "graph_build_ms_cached": 0.0037080049514770508,
      "cache_hit_rate": 1.0,
      "peak_memory_bytes": 172263748,
      "persistent_cache_bytes": 4333568,
      "step_intermediate_bytes": 167930180,
      "largest_intermediate_bytes_proxy": 34603008,
      "memory_proxy": {
        "kv_gather": 34603008,
        "scores_fp32": 2162688,
        "weights_fp32": 2162688,
        "largest": 34603008
      }
    },
    {
      "mode": "wayfinder_permute",
      "batch": 2,
      "heads": 4,
      "seq_len": 1024,
      "embd": 128,
      "tokens_per_sec": 585976.5341868409,
      "tokens_per_sec_mean": 574838.793923946,
      "tokens_per_sec_std": 30480.493280816216,
      "total_ms": 3.4950205008499324,
      "attention_ms": 0.10912550613284111,
      "permute_ms": 0.0,
      "graph_build_ms_first": 68.45570799708366,
      "graph_build_ms_cached": 0.0036254972219467163,
      "cache_hit_rate": 1.0,
      "peak_memory_bytes": 173525604,
      "persistent_cache_bytes": 4333568,
      "step_intermediate_bytes": 169192036,
      "largest_intermediate_bytes_proxy": 34603008,
      "memory_proxy": {
        "kv_gather": 34603008,
        "scores_fp32": 2162688,
        "weights_fp32": 2162688,
        "largest": 34603008
      }
    },
    {
      "mode": "dense",
      "batch": 2,
      "heads": 4,
      "seq_len": 2048,
      "embd": 128,
      "tokens_per_sec": 524707.7662329242,