{
  "created_at": "2026-02-12T13:40:07.998635+00:00",
  "command": "scripts/bench_glm_consumer_mlx.py --model-path mlx-community/GLM-4.7-Flash-4bit --seq-lens 8192 --decode-len 64 --repeats 3 --chunk-size 4096 --kv-step 4096 --cooldown-sec 0 --path permute --window 64 --landmark-stride 0 --head-chunk-size 2 --query-chunk-size 192 --skip-multi-turn --skip-quality --seed 99 --no-swap --out-dir benchmarks/mlx/post_reboot_20260211_20260211T202821Z/decode_gate_idx16_20260212T133430Z/s99_dense",
  "model_path": "mlx-community/GLM-4.7-Flash-4bit",
  "no_swap": true,
  "retro_backfill_enabled": false,
  "wayfinder_config": null,
  "swap": {
    "replaced_layers": 0,
    "replaced_layer_indices": [],
    "requested_layer_indices": null,
    "swap_first_n_layers": 0,
    "swap_last_n_layers": 0,
    "swap_layer_indices_arg": "",
    "disable_discovered_active_row_kernel": false,
    "disable_fused_dispatch": false
  },
  "single_turn": [
    {
      "seq_len": 8192,
      "decode_len": 64,
      "repeat": 1,
      "prefill_sec": 16.238735582999652,
      "ttft_sec": 0.16417545799777145,
      "itl_p50_sec": 0.0195406249986263,
      "itl_p95_sec": 0.019824791997962166,
      "decode_sec": 1.4098856249984237,
      "e2e_sec": 17.648621207998076,
      "decode_tok_s": 45.39375312807488,
      "peak_memory_bytes": 20660500140,
      "sample_output_text": "  } } } } } } } } } } } } } } } } } } } } } } } } } } } } } } }"
    },
    {
      "seq_len": 8192,
      "decode_len": 64,
      "repeat": 2,
      "prefill_sec": 16.116921166001703,
      "ttft_sec": 0.13829516700207023,
      "itl_p50_sec": 0.019548209005733952,
      "itl_p95_sec": 0.01981112500652671,
      "decode_sec": 1.381504707998829,
      "e2e_sec": 17.49842587400053,
      "decode_tok_s": 46.32629887501929,
      "peak_memory_bytes": 20660500140,
      "sample_output_text": "  } } } } } } } } } } } } } } } } } } } } } } } } } } } } } } }"
    },
    {
      "seq_len": 8192,
      "decode_len": 64,
      "repeat": 3,
      "prefill_sec": 16.170678415997827,
      "ttft_sec": 0.15986283300298965,
      "itl_p50_sec": 0.019588333001593128,
      "itl_p95_sec": 0.019885290996171534,
      "decode_sec": 1.4055355839955155,
      "e2e_sec": 17.576213999993342,
      "decode_tok_s": 45.534243834700526,
      "peak_memory_bytes": 20660500140,
      "sample_output_text": "  } } } } } } } } } } } } } } } } } } } } } } } } } } } } } } }"
    }
  ],
  "multi_turn": null,
  "quality": null
}