{
  "dense": {
    "run": "dense",
    "attn": "dense",
    "steps": 1000,
    "final_train_loss": 0.0837656706571579,
    "final_train_ppl": 1.0873740603035338,
    "avg_tokens_per_sec": 357181.0086682217,
    "last_tokens_per_sec": 330184.9679870013,
    "peak_memory_bytes": 95191432,
    "final_val_loss": 6.4639140367507935,
    "final_val_ppl": 641.567266530385,
    "best_val_ppl": 18.629002890599867
  },
  "wayfinder": {
    "run": "wayfinder",
    "attn": "wayfinder_permute",
    "steps": 1000,
    "final_train_loss": 1.5085941553115845,
    "final_train_ppl": 4.520371385089413,
    "avg_tokens_per_sec": 208759.36570068184,
    "last_tokens_per_sec": 203324.23188863185,
    "peak_memory_bytes": 120135536,
    "final_val_loss": 4.516191840171814,
    "final_val_ppl": 91.48653840230688,
    "best_val_ppl": 19.954318283723286,
    "cache_hit_rate": 0.999,
    "avg_graph_build_ms": 0.01638621084392071,
    "cache_persistent_bytes": 402432
  },
  "throughput_ratio_wayfinder_over_dense": 0.5844637890437065,
  "val_ppl_gap_wayfinder_minus_dense": -550.0807281280781
}